-- phpMyAdmin SQL Dump
-- version 5.2.0
-- https://www.phpmyadmin.net/
--
-- Host: localhost:3307
-- Waktu pembuatan: 30 Bulan Mei 2023 pada 15.12
-- Versi server: 10.4.24-MariaDB
-- Versi PHP: 8.1.6

SET SQL_MODE = "NO_AUTO_VALUE_ON_ZERO";
START TRANSACTION;
SET time_zone = "+00:00";


/*!40101 SET @OLD_CHARACTER_SET_CLIENT=@@CHARACTER_SET_CLIENT */;
/*!40101 SET @OLD_CHARACTER_SET_RESULTS=@@CHARACTER_SET_RESULTS */;
/*!40101 SET @OLD_COLLATION_CONNECTION=@@COLLATION_CONNECTION */;
/*!40101 SET NAMES utf8mb4 */;

--
-- Database: `siantarzoo`
--

-- --------------------------------------------------------

--
-- Struktur dari tabel `facility`
--

CREATE TABLE `facility` (
  `id` int(11) NOT NULL,
  `name` varchar(100) NOT NULL
) ENGINE=InnoDB DEFAULT CHARSET=utf8mb4;

--
-- Dumping data untuk tabel `facility`
--

INSERT INTO `facility` (`id`, `name`) VALUES
(18, 'KELOMPOK HEWAN - MAMALIA'),
(19, 'KELOMPOK HEWAN - UNGGAS'),
(20, 'KELOMPOK HEWAN - MELATA'),
(22, 'EVENT'),
(27, 'INFORMASI');

-- --------------------------------------------------------

--
-- Struktur dari tabel `service`
--

CREATE TABLE `service` (
  `id` int(11) NOT NULL,
  `facility_id` int(11) NOT NULL,
  `name` varchar(255) NOT NULL,
  `foto` varchar(255) DEFAULT NULL,
  `detail` text DEFAULT NULL
) ENGINE=InnoDB DEFAULT CHARSET=utf8mb4;

--
-- Dumping data untuk tabel `service`
--

INSERT INTO `service` (`id`, `facility_id`, `name`, `foto`, `detail`) VALUES
(29, 19, 'Burung Merak', '9f7ada614267fe26126e.jpg', 'Burung Merak adalah burung yang dikenal karena keindahan bulunya yang berwarna-warni. Jantan memiliki ekor yang panjang dan berbentuk seperti payung, yang bisa dibuka dan dikembangkan menjadi lebar seperti roda. Di kebun binatang, burung Merak sering dipajang di kandang terbuka dan pengunjung dapat melihatnya dengan jelas. Selain keindahan bulunya, burung Merak juga dikenal karena tarian uniknya saat sedang memikat pasangan.'),
(30, 19, 'Burung Kakatua', '7308cc2ad0280eb57928.jpg', 'Burung Kakatua adalah burung besar dengan bulu putih yang indah dan paruh yang kuat. Ada beberapa jenis Kakatua yang dapat ditemukan di kebun binatang, termasuk Kakatua Jambul Kuning, Kakatua Raja, dan Kakatua Sulphur-crested. Burung Kakatua dikenal karena kepintarannya dalam menirukan suara manusia dan suara lainnya.'),
(31, 19, 'Burung Cendrawasih', 'a8bad64b405a2cd25527.jpg', 'Burung Cendrawasih adalah burung yang indah dan eksotis. Bulunya berwarna-warni dan menakjubkan, membuatnya menjadi salah satu hewan yang paling banyak diminati di kebun binatang. Burung Cendrawasih juga dikenal karena tarian indahnya saat sedang memikat pasangan.'),
(32, 19, 'Burung Paruh Bengkok', '23889a3b60da870f59ce.jpg', 'Burung Paruh Bengkok adalah kelompok burung yang memiliki paruh yang bengkok dan berukuran besar. Ada beberapa jenis burung Paruh Bengkok yang dapat ditemukan di kebun binatang, seperti Kakatua Jambul Kuning dan Kukang. Burung Paruh Bengkok dikenal karena keunikannya dalam hal bentuk dan fungsi paruhnya.'),
(33, 19, 'Jalak Bali', 'c9c6c2a446fcdc3f43fb.jpg', 'Jalak Bali adalah burung endemik Indonesia yang langka dan dilindungi. Burung ini memiliki bulu yang indah dan ekor yang panjang. Jalak Bali sering dipamerkan di kebun binatang sebagai upaya untuk melestarikan spesiesnya dan memberikan edukasi tentang pentingnya konservasi.'),
(34, 19, 'Elang Jawa', 'bec50740d1f35db5a48b.jpg', 'Elang Jawa adalah burung pemangsa yang langka dan dilindungi. Elang Jawa memiliki ukuran yang besar dan sayap yang lebar, serta bulu berwarna cokelat tua. Di kebun binatang, pengunjung dapat melihat Elang Jawa di kandang terbuka atau dalam penerbangan bebas.'),
(35, 19, 'Rajawali', 'eda6c36e3cf82681a863.jpg', 'Rajawali adalah burung pemangsa yang besar dan kuat. Rajawali memiliki sayap yang lebar dan cakar yang tajam, serta bulu berwarna cokelat kehitaman. Di kebun binatang, pengunjung dapat melihat Rajawali dalam penerbangan bebas atau di kandang terbuka.'),
(36, 19, 'Kutilang Jawa', 'af0235c1e93636f8f3b6.jpg', 'Kutilang Jawa adalah burung kecil dengan bulu berwarna cerah. Burung ini sering dipelihara sebagai burung peliharaan dan juga dapat ditemukan di kebun binatang. Kutilang Jawa dikenal karena keindahan bulunya dan suara kicauannya yang merdu.'),
(37, 19, 'Pelikan', '5f4a2260f1e648af8871.jpg', 'Pelikan adalah burung besar dengan paruh yang lebar dan kantung yang bisa diisi dengan air atau makanan. Pelikan sering dipajang di kandang terbuka di kebun binatang, dan pengunjung dapat melihatnya dengan jelas saat burung ini sedang makan atau berenang di kolam.'),
(38, 19, 'Merbah Jambul', '5019eacfe5dec53e0a63.jpg', 'Merbah Jambul adalah burung kecil dengan bulu berwarna abu-abu kebiruan dan jambul yang menonjol di atas kepalanya. Burung ini dikenal karena suara kicauannya yang merdu dan sering dipelihara sebagai burung peliharaan. Di kebun binatang, Merbah Jambul sering dipajang di kandang terbuka.'),
(39, 19, 'Kacer Poci', 'b487775bb841acda29fd.jpg', 'Kacer Poci adalah burung kecil dengan bulu berwarna hitam, putih, dan merah. Burung ini dikenal karena suara kicauannya yang nyaring dan sering dipelihara sebagai burung peliharaan. Di kebun binatang, Kacer Poci sering dipajang di kandang terbuka.\r\n'),
(40, 19, 'Burung Merbah Kecil', 'b72c7036508d6d431372.jpg', 'Burung Merbah Kecil adalah burung kecil dengan bulu berwarna abu-abu dan putih. Burung ini sering dipelihara sebagai burung peliharaan karena suara kicauannya yang merdu. Di kebun binatang, Merbah Kecil sering dipajang di kandang terbuka.'),
(41, 19, 'Rangkong', '436692b7b1c1b8b13057.jpg', 'Rangkong adalah burung terbesar di dunia dan dapat tumbuh hingga 2,5 meter. Bulunya berwarna hitam dan putih, serta memiliki paruh yang panjang dan kuat. Rangkong sering dipajang di kandang terbuka di kebun binatang, dan pengunjung dapat melihatnya dengan jelas.'),
(42, 19, ' Kuntul Kerbau', 'f0824447c979c6f92eda.jpg', 'Kuntul Kerbau adalah burung air yang sering ditemukan di rawa atau sungai-sungai yang tenang. Burung ini memiliki bulu abu-abu kecoklatan dan leher yang panjang. Kuntul Kerbau sering dipajang di kandang terbuka di kebun binatang, dan pengunjung dapat melihatnya saat burung ini sedang mencari makan di air.'),
(43, 20, 'Ular', '6732b86e462fadd91c87.jpg', 'Ular adalah hewan reptil yang memiliki tubuh panjang dan ramping, dan biasanya hidup di lingkungan yang hangat dan lembap. Ular memiliki kemampuan merayap yang sangat baik dan biasanya memanfaatkan kemampuan tersebut untuk mencari mangsa atau tempat berlindung. Beberapa jenis ular yang sering dijumpai di kebun binatang antara lain python, kobra, ular hijau, dan ular piton. Ular memiliki beragam ukuran mulai dari yang kecil hingga yang sangat besar seperti anaconda.'),
(44, 20, 'Kadal', 'e05b26d99d28a03ecdbc.jpg', 'Kadal adalah hewan reptil yang memiliki kulit bersisik dan memiliki ekor yang panjang. Kadal hidup di berbagai lingkungan seperti hutan, padang rumput, dan air. Beberapa jenis kadal yang sering dijumpai di kebun binatang adalah iguana, kadal air, kadal coklat, dan kadal komodo. Kadal merupakan hewan yang tidak berbahaya bagi manusia, meskipun ada beberapa jenis kadal yang dapat menimbulkan gigitan atau gigitan berbisa.\r\n'),
(45, 20, 'Kura-kura', 'ac4648b767c6fc43198d.jpg', 'Kura-kura adalah hewan reptil yang memiliki cangkang pelindung di punggungnya dan kaki pendek yang menopang tubuhnya. Kura-kura hidup di berbagai lingkungan seperti sungai, danau, dan laut. Beberapa jenis kura-kura yang sering dijumpai di kebun binatang adalah kura-kura air tawar, kura-kura darat, dan kura-kura laut. Kura-kura dikenal sebagai hewan yang memiliki umur panjang dan banyak dijadikan peliharaan.'),
(47, 27, 'Menghadirkan Keindahan Satwa Liar dan Konservasi di Sumatera Utara Sejak 27 November 1936', 'c02456eebb5e80582631.jpg', 'Siantar Zoo, juga dikenal sebagai Taman Margasatwa Siantar, adalah sebuah kebun binatang yang terletak di kota Siantar, Sumatera Utara, Indonesia. Taman ini dibuka pada tanggal 27 November 1936, sehingga telah beroperasi selama bertahun-tahun.\r\n\r\nSiantar Zoo adalah salah satu tujuan wisata populer di kota Siantar dan sekitarnya. Kebun binatang ini menawarkan berbagai macam hewan dari berbagai spesies, termasuk mamalia, burung, dan reptil. Pengunjung dapat melihat hewan-hewan ini dari dekat dan mempelajari tentang kehidupan dan habitat mereka.\r\n\r\nSelama bertahun-tahun, Siantar Zoo telah berupaya untuk meningkatkan fasilitas dan kualitas pelayanan kepada pengunjung. Mereka juga berkomitmen terhadap perlindungan dan konservasi satwa liar, dengan memastikan kesejahteraan hewan-hewan yang ada di taman dan berpartisipasi dalam program pemuliaan dan pelepasliaran hewan yang terancam punah.'),
(48, 27, 'Mengapa Siantar Zoo Dipilih untuk Didirikan di Pematang Siantar, Sumatra Utara, Indonesia?', '55aa6a79c45c7b2a688c.jpg', 'Pematang Siantar, Sumatera Utara, Indonesia, dipilih sebagai lokasi Siantar Zoo dengan alasan-alasan berikut. Pertama, aksesibilitasnya yang baik membuatnya menjadi tujuan wisata yang mudah dijangkau bagi pengunjung lokal maupun wisatawan dari kota lain. Terletak di jalan utama antara Medan, ibu kota Sumatera Utara, dan Parapat, pintu gerbang menuju Danau Toba, Siantar Zoo memiliki posisi strategis. Kedua, Pematang Siantar menyediakan lahan yang cukup luas untuk membangun kebun binatang, sehingga Siantar Zoo dapat menampung berbagai spesies hewan dan menyediakan habitat yang sesuai bagi mereka. Selain itu, Pematang Siantar juga memiliki potensi pariwisata yang baik dengan adanya objek wisata lain di sekitarnya, seperti Danau Toba, Bukit Indah Simarjarunjung, dan Air Terjun Sipiso-Piso. Keberadaan Siantar Zoo di Pematang Siantar menjadi daya tarik tambahan bagi wisatawan yang mengunjungi daerah ini. Terakhir, dukungan dari pemerintah daerah Sumatera Utara dan Pematang Siantar juga menjadi faktor penting dalam pendirian dan pengembangan Siantar Zoo.'),
(49, 27, 'Keindahan Alam yang Luas: Siantar Zoo Menyajikan Area Seluas 4 Hektar (9,9 Ekar) untuk Kebun Binatang yang Memikat', 'f2329a1a90e81488f894.jpg', 'Siantar Zoo memiliki luas area seluas 4 hektar, yang setara dengan 9,9 ekar. Luas area ini memberikan ruang yang cukup untuk menampung berbagai fasilitas dan kandang hewan di dalam kebun binatang tersebut. Dengan luas yang mencapai 4 hektar, Siantar Zoo dapat menyediakan berbagai habitat yang sesuai untuk berbagai spesies hewan yang ada di dalamnya. Para pengunjung dapat menjelajahi area yang luas ini sambil menikmati berbagai pemandangan dan aktivitas yang ditawarkan oleh kebun binatang tersebut. Dengan luas yang cukup besar, Siantar Zoo dapat memberikan pengalaman yang memuaskan bagi pengunjungnya dan memberikan kondisi yang baik untuk kesejahteraan hewan-hewan yang dipelihara di dalamnya.'),
(50, 27, 'Idul Fitri 1444 Hijriah: Siantar Zoo Menyajikan Pembaruan dan Pengalaman Menarik untuk Pengunjung', '487a92d5db0e6f0ddf14.jpg', 'Idul Fitri 1444 Hijriah menjadi momen spesial bagi Siantar Zoo, karena pengelola melakukan pembaruan dan penambahan fasilitas yang menarik. Pengunjung tidak hanya dapat melihat 632 satwa yang ada, tetapi juga dapat berinteraksi langsung dengan hewan seperti ular, burung elang, kakatua, dan bayan, dengan bantuan karyawan yang bersedia memandu. Selain itu, area tempat istirahat keluarga juga ditingkatkan untuk memberikan suasana yang nyaman, dengan penataan yang lebih baik dan dikelilingi oleh 50 jenis tanaman yang mempercantik lokasi wisata ini. Pengelola juga mengoptimalkan rekayasa arah pergerakan di area seluas 4,5 hektare dan menyediakan pintu masuk dan keluar yang cukup. Untuk menjaga keamanan, terdapat satuan pengaman internal, personel kepolisian, dan TNI yang siaga di area Taman Hewan Pemeliharaan Siantar. Meskipun demikian, penting bagi orang tua untuk tetap mengawasi dan memperhatikan anak-anak mereka selama beraktivitas di Taman Hewan Pemeliharaan Siantar.'),
(51, 27, 'Perayaan HUT ke-86 Taman Hewan Pematang Siantar: Merayakan Prestasi dan Menghargai Pengunjung Setia', '42b656e254eddd855d02.jpg', 'Pada perayaan HUT ke-86 Taman Hewan Pematang Siantar, berbagai kegiatan dan acara spesial diadakan untuk merayakan momen tersebut. Taman Hewan Pematang Siantar, yang telah beroperasi selama 86 tahun, menampilkan pertunjukan menarik, pameran satwa, dan berbagai kegiatan interaktif untuk pengunjung. Selain itu, perayaan ini juga menjadi kesempatan bagi pengelola untuk mengingat sejarah dan prestasi taman hewan tersebut, serta berterima kasih kepada pengunjung setia yang telah mendukung dan menjadi bagian dari perjalanan taman hewan ini. Dengan semangat perayaan yang penuh kegembiraan, peringatan HUT ke-86 Taman Hewan Pematang Siantar menjadi momen yang tak terlupakan bagi pengunjung dan staf taman hewan tersebut.'),
(52, 27, 'Parkir Gratis di Siantar Zoo: Meningkatkan Kenyamanan dan Kepuasan Pengunjung', '43cd6079498a47c9ba45.jpg', 'Siantar Zoo membuat keputusan untuk memberikan parkir gratis di obyek wisata mereka merupakan langkah yang diambil untuk meningkatkan kenyamanan dan kepuasan pengunjung. Mereka menyadari bahwa biaya parkir dapat menjadi beban tambahan bagi pengunjung, dan dengan menghilangkan biaya tersebut, mereka ingin memastikan bahwa pengalaman berkunjung ke Siantar Zoo menjadi lebih terjangkau dan menyenangkan. Pihak Siantar Zoo percaya bahwa dengan memberikan fasilitas parkir gratis, mereka dapat menarik lebih banyak pengunjung dan menciptakan lingkungan yang ramah pengunjung. Langkah ini juga dapat meningkatkan citra positif dan kepuasan pengunjung terhadap layanan yang disediakan oleh Siantar Zoo.'),
(53, 27, 'Koleksi Mengesankan di Taman Hewan Pematang Siantar: Rahmat Shah Memiliki 715 Ekor Hewan yang Menakjubkan', 'ab96f1a49f0af675fe92.jpg', 'Taman Hewan Pematang Siantar (Siantar Zoo) memiliki koleksi yang sangat mengesankan yang dimiliki oleh Rahmat Shah, seorang pemilik dengan jumlah hewan mencapai 715 ekor. Koleksi yang luar biasa ini mencakup berbagai spesies mamalia, burung, dan reptil. Dari singa yang anggun hingga burung langka yang eksotis, setiap hewan diperlakukan dengan perhatian dan kepedulian yang tinggi untuk memastikan kesejahteraan mereka. Rahmat Shah telah berkomitmen untuk menjaga kondisi dan kesehatan hewan-hewan ini dengan baik. Koleksi yang begitu kaya dan beragam ini tidak hanya menawarkan pengalaman yang menarik bagi pengunjung, tetapi juga memberikan kesempatan untuk mempelajari lebih dalam tentang kehidupan dan habitat berbagai spesies hewan yang menakjubkan di Siantar Zoo.'),
(54, 27, 'Fasilitas Lengkap dan Nyaman di Siantar Zoo: Menjamin Pengalaman Wisata yang Memuaskan', '8a1fea6792c022cc0c34.jpg', 'Siantar Zoo merupakan destinasi wisata yang menyediakan berbagai fasilitas lengkap untuk meningkatkan kenyamanan dan kepuasan pengunjung. Di dalam area kebun binatang ini, terdapat area parkir yang luas dan aman untuk kendaraan pengunjung. Selain itu, terdapat restoran dan kafe yang menyajikan beragam pilihan makanan dan minuman lezat untuk dinikmati. Pengunjung juga bisa menggunakan fasilitas toilet dan kamar mandi yang bersih dan terawat dengan baik. Untuk istirahat sejenak, tersedia area duduk dan ruang istirahat yang nyaman di berbagai titik di dalam kebun binatang. Pengunjung juga dapat membeli suvenir sebagai kenang-kenangan di toko suvenir yang ada. Bagi anak-anak, terdapat area main yang menawarkan beragam wahana permainan yang aman dan menarik. Jika pengunjung membutuhkan informasi lebih lanjut, terdapat pusat informasi yang siap membantu. Dengan fasilitas-fasilitas yang lengkap dan berkualitas ini, Siantar Zoo bertujuan memberikan pengalaman yang tak terlupakan bagi setiap pengunjung yang datang.'),
(55, 27, 'Keberagaman Satwa dan Fasilitas Menarik: Siantar Zoo, Destinasi Favorit dengan Lebih dari 1.700 Pengunjung Setiap Hari', '6a3608cd9cc8981785ec.jpg', 'Siantar Zoo, dengan jumlah pengunjung yang mencapai lebih dari 1.700 orang setiap harinya, telah menjadi tujuan wisata yang sangat populer dan diminati oleh berbagai kalangan. Keberhasilan Siantar Zoo dalam menarik minat pengunjung tidak lepas dari keunikan dan keragaman satwa yang ada di dalamnya. Pengunjung dapat menikmati pengalaman yang tak terlupakan dengan berbagai aktivitas menarik yang ditawarkan, mulai dari berinteraksi langsung dengan berbagai jenis satwa, seperti ular, burung elang, kakatua, dan bayan, hingga menyaksikan pertunjukan menarik yang melibatkan satwa-satwa tersebut.\r\n\r\nSelain itu, Siantar Zoo juga menawarkan wahana permainan anak yang dirancang dengan keamanan dan keselamatan sebagai prioritas utama. Wahana-wahana tersebut memberikan kesempatan bagi anak-anak untuk bermain dan bersenang-senang sambil belajar tentang satwa-satwa yang ada di kebun binatang. Selain itu, terdapat juga wahana camera 360 dan museum yang menambah keasikan kunjungan ke Siantar Zoo.\r\n\r\nTak hanya itu, pengunjung juga dapat menikmati fasilitas lainnya, seperti adanya toko suvenir di mana mereka dapat membeli berbagai macam kenang-kenangan, serta area tempat istirahat keluarga yang dipoles dengan baik agar pengunjung dan keluarga dapat beristirahat dengan nyaman dalam suasana teduh. Siantar Zoo juga menyediakan fasilitas toilet dan kamar mandi yang bersih dan terawat dengan baik untuk kenyamanan pengunjung.\r\n\r\nDalam upaya meningkatkan kenyamanan dan keamanan pengunjung, Siantar Zoo juga melakukan rekayasa arah pergerakan di area seluas 4,5 hektar dan menyediakan beberapa pintu masuk dan pintu keluar. Selain itu, terdapat satuan pengaman internal yang siap menjaga keamanan di dalam area Taman Hewan Pematang Siantar (THPS), serta personel kepolisian dan TNI yang turut serta dalam menjaga keamanan dan ketertiban.\r\n\r\nDengan berbagai fasilitas yang lengkap dan kegiatan yang menarik, Siantar Zoo berkomitmen untuk memberikan pengalaman wisata yang tak terlupakan bagi setiap pengunjung. Melalui kombinasi antara keunikan satwa, fasilitas yang berkualitas, dan upaya menjaga keamanan pengunjung, Siantar Zoo terus menjadi destinasi favorit bagi mereka yang mencari kegembiraan dan petualangan di tengah-tengah keindahan satwa liar.'),
(56, 27, 'Taman Hewan Pematang Siantar (THPS): Destinasi Wisata Edukasi yang Menarik untuk Liburan Keluarga', '7c9bb8f0f9a03c445ee7.jpg', 'Taman Hewan Pematang Siantar (THPS) telah menjadi tujuan wisata edukasi yang populer untuk liburan keluarga. Dalam THPS, pengunjung dapat menikmati beragam koleksi satwa yang menarik dan mengikuti berbagai aktivitas interaktif yang menghibur. Selain itu, THPS juga memberikan perhatian khusus terhadap kenyamanan dan kepuasan pengunjung. Harga tiket masuk THPS disesuaikan dengan kategori pengunjung, termasuk tiket dewasa, tiket anak-anak, tiket keluarga, dan tiket grup. Selama hari libur nasional atau akhir pekan, terdapat penyesuaian harga yang perlu diperhatikan. Namun, THPS juga menawarkan paket-paket menarik yang memberikan kesempatan bagi pengunjung untuk mengoptimalkan pengalaman wisata mereka dengan harga yang lebih terjangkau. Salah satunya adalah paket keluarga dengan diskon khusus, yang memungkinkan keluarga untuk menikmati fasilitas THPS dengan biaya yang lebih hemat. Dengan harga tiket yang fleksibel dan adanya opsi paket menarik, THPS menghadirkan pengalaman liburan yang mengesankan dan bermanfaat untuk semua pengunjung, sambil menjaga kepuasan dan keamanan mereka.'),
(57, 27, 'Kedatangan Empat Harimau Bengal Menguatkan Taman Hewan Pematang Siantar dalam Pendidikan dan Konservasi Satwa', '9868d9adcea8b2c393ed.jpg', 'Pada tahun 2018, Taman Hewan Pematang Siantar (THPS) mengumumkan kedatangan empat ekor harimau Bengal yang menjadi penambahan istimewa dalam koleksi satwa mereka. Kehadiran harimau-harimau tersebut merupakan langkah penting dalam upaya pengembangan dan diversifikasi koleksi satwa di THPS. Harimau Bengal, yang terkenal sebagai spesies langka yang terancam punah, dipilih dengan sengaja untuk mendukung program perlindungan dan konservasi satwa liar. Melalui kedatangan harimau Bengal ini, THPS berharap dapat meningkatkan kesadaran dan edukasi publik tentang pentingnya pelestarian satwa liar. Selain itu, kehadiran harimau-harimau ini juga diharapkan dapat menarik lebih banyak pengunjung ke THPS, memperkaya pengalaman wisata mereka, dan meningkatkan pemahaman tentang satwa-satwa yang dilindungi. Dengan penambahan harimau Bengal yang menarik ini, THPS semakin mengokohkan posisinya sebagai destinasi wisata edukasi yang berperan penting dalam upaya konservasi satwa dan pelestarian lingkungan.'),
(58, 27, 'Kunjungan Istimewa Wagub Sumut ke Taman Hewan Pematang Siantar: Bertemu Harimau Sumatra yang Pernah Dipelihara', '766b9aa69beac260685b.jpg', 'Dalam sebuah momen yang mempesona dan penuh kehangatan, Wakil Gubernur Sumatera Utara (Wagub Sumut) melakukan kunjungan istimewa ke Taman Hewan Pematang Siantar (THPS) untuk berjumpa dengan harimau Sumatra yang pernah menjadi penghuni di sana. Wagub Sumut, dengan wajah berseri-seri, tampak sangat bahagia dan terlihat begitu akrab dengan harimau tersebut. Kehadiran harimau Sumatra, sebagai spesies yang terancam punah dan dilindungi, menjadi daya tarik utama di THPS dan memberikan kesempatan yang berharga bagi pengunjung untuk mengenal lebih dekat kekayaan alam Indonesia. Melalui pertemuan ini, terlihat jelas bahwa THPS memiliki peran penting dalam pendidikan dan konservasi satwa liar, serta memberikan kesempatan bagi pengunjung untuk memperdalam pemahaman mereka tentang pentingnya menjaga keberagaman hayati. Wagub Sumut juga menekankan pentingnya upaya kolektif dalam melestarikan satwa liar dan lingkungan alam, serta mengapresiasi kerja keras yang telah dilakukan oleh THPS dalam mencapai tujuan tersebut. Kunjungan ini menjadi bukti nyata bahwa pelestarian satwa liar adalah tanggung jawab bersama kita semua, dan perlu terus didukung dengan tindakan nyata guna melindungi warisan alam yang berharga bagi generasi mendatang.'),
(59, 27, 'Pengembangan Kebun Binatang Medan: Raffi Ahmad Memimpin Transformasi Destinasi Wisata yang Berkelanjutan', 'f20bce019dddd2aea97a.jpg', 'Raffi Ahmad, selain dikenal sebagai seorang selebriti, juga memiliki minat dan kepedulian yang besar terhadap lingkungan dan satwa. Dengan keterlibatannya, Raffi Ahmad berencana untuk melakukan pengembangan besar-besaran pada kebun binatang tersebut, dengan tujuan mengubahnya menjadi sebuah destinasi wisata keluarga yang menarik, edukatif, dan berkelanjutan.\r\n\r\nRencana pengembangan yang diusung oleh Raffi Ahmad melibatkan sejumlah aspek penting. Pertama, dalam hal fasilitas, dia berkomitmen untuk meningkatkan kualitas dan kenyamanan bagi para satwa yang ada di kebun binatang. Hal ini mencakup pembangunan kandang yang lebih luas dan ramah lingkungan, serta menyediakan lingkungan yang alami dan sesuai dengan kebutuhan alami satwa tersebut. Selain itu, Raffi Ahmad juga berencana untuk memperbarui dan memperluas fasilitas pendukung seperti tempat makan, toilet, area istirahat, dan fasilitas lainnya guna memberikan pengalaman yang menyenangkan bagi pengunjung.\r\n\r\nSelain peningkatan fasilitas, Raffi Ahmad juga berfokus pada aspek pendidikan dan edukasi di kebun binatang tersebut. Dia ingin menciptakan pengalaman belajar yang menarik bagi pengunjung, terutama bagi anak-anak, melalui program edukasi tentang satwa dan keanekaragaman hayati. Raffi Ahmad berencana untuk mengadakan pertunjukan interaktif, ceramah, dan kegiatan belajar lainnya yang melibatkan para pengunjung secara langsung, sehingga mereka dapat lebih memahami dan menghargai satwa serta pentingnya pelestarian alam.\r\n\r\nSelain itu, Raffi Ahmad juga memiliki visi untuk menjadikan Kebun Binatang Medan sebagai pusat konservasi dan penelitian satwa. Dia ingin bekerja sama dengan institusi ilmiah dan organisasi konservasi untuk melakukan penelitian tentang satwa-satwa langka, serta berkontribusi dalam upaya pelestarian spesies yang terancam punah. Dengan menggabungkan aspek pendidikan, penelitian, dan konservasi, Raffi Ahmad berharap dapat mengangkat citra Kebun Binatang Medan sebagai tempat yang tidak hanya menghibur, tetapi juga berperan penting dalam upaya pelestarian satwa dan alam.'),
(60, 27, 'Kehadiran Zebra &#039;Raline Shah&#039; di Taman Hewan Pematangsiantar Menarik Perhatian Pengunjung', 'e7ca913e6e0d2bc64155.jpg', 'Rahmat Shah, pengelola Taman Hewan Pematangsiantar (THPS) di Kota Pematangsiantar, Sumatera Utara, membuat heboh warga setempat dengan menyekat Ralin, seekor Zebra di kandang luas dan bersih. Keputusan tersebut menarik perhatian masyarakat sekitar, karena uniknya, Zebra tersebut diberi nama Ralin, yang mirip dengan nama artis peran terkenal, Raline Shah, putri Rahmat Shah. Raline Shah sedang berada di puncak popularitasnya pada saat itu, sehingga tidak mengherankan bahwa fenomena ini menarik minat pengunjung yang penasaran untuk melihat Ralin, Zebra yang memiliki nama yang mirip dengan artis terkenal tersebut.\r\n\r\nTaman Hewan Pematangsiantar menjadi tujuan populer bagi warga setempat dan wisatawan yang tertarik dengan keunikan tersebut. Pengunjung tidak hanya ingin melihat keindahan satwa langka yang ada di taman hewan, tetapi juga ingin mengabadikan momen bersama Ralin, yang menjadi daya tarik tersendiri di antara spot-spot foto lainnya. Beberapa spot di taman hewan bahkan didesain khusus dengan menampilkan foto Raline Shah bersama binatang buas dan satwa langka, menciptakan pengalaman yang unik dan menghibur.\r\n\r\nKetenaran Raline Shah sebagai artis ternyata mampu membawa dampak positif bagi Taman Hewan Pematangsiantar. Jumlah pengunjung meningkat pesat setelah kehadiran Ralin, dengan orang-orang yang penasaran ingin melihat bagaimana Zebra tersebut dan menikmati suasana yang berbeda di taman hewan tersebut. Selain itu, fenomena ini juga menciptakan buzz di media sosial, dengan banyaknya postingan dan cerita yang dibagikan oleh pengunjung yang bahagia bisa melihat dan berfoto bersama Ralin.\r\n\r\nDengan demikian, kehadiran Ralin, Zebra yang memiliki nama serupa dengan artis terkenal, Raline Shah, telah memberikan dampak positif bagi Taman Hewan Pematangsiantar. Fenomena ini menunjukkan betapa besar pengaruh ketenaran seseorang dalam menciptakan daya tarik dan minat bagi masyarakat, bahkan dalam hal sepele seperti memberikan nama hewan di taman hewan.'),
(61, 22, 'Pembukaan Taman Hewan Pematangsiantar: Sebuah Momen Bersejarah yang Menyambut Hiburan dan Pendidikan untuk Masyarakat', 'ffe9f6d9df3a967b8e11.jpg', '  Pada tanggal 27 November 1936, sebuah momen bersejarah terjadi di Pematangsiantar saat Taman Hewan Pematangsiantar secara resmi dibuka untuk umum. Acara pembukaan ini menandai langkah awal yang mengubah lanskap kota dengan memperkenalkan tempat hiburan yang baru dan menarik minat masyarakat. Dalam upaya untuk memberikan pengalaman unik dan mendidik tentang keanekaragaman hayati, Taman Hewan Pematangsiantar menghadirkan berbagai spesies hewan dari seluruh penjuru dunia. Pengunjung diundang untuk menjelajahi area taman yang luas ini, di mana mereka dapat melihat, belajar, dan terhubung dengan kehidupan satwa dari dekat.\r\n\r\nPada hari pembukaan tersebut, suasana penuh antusiasme terasa di udara. Pengunjung dari berbagai usia dan latar belakang sosial berkumpul bersama untuk merayakan momen bersejarah ini. Taman Hewan Pematangsiantar mengadakan berbagai acara spesial, seperti pawai karnaval yang menampilkan kostum binatang dan penampilan musik yang menghibur, sehingga memberikan suasana riang yang memikat. Pengunjung dapat menjelajahi berbagai kandang dan habitat yang dirancang dengan baik, di mana hewan-hewan tersebut tinggal. Pemandangan menakjubkan dari berbagai jenis satwa, mulai dari mamalia, burung, reptil, hingga amfibi, menyuguhkan pengalaman yang tak terlupakan bagi para pengunjung.\r\n\r\nAcara pembukaan Taman Hewan Pematangsiantar bukan hanya tentang hiburan semata, tetapi juga mengedepankan tujuan edukatif. Sejumlah panduan dan pemandu tur ahli hadir di taman untuk memberikan informasi dan fakta menarik tentang masing-masing spesies yang dipamerkan. Ini memberikan kesempatan bagi pengunjung untuk belajar tentang kehidupan liar, habitat, dan tantangan yang dihadapi oleh berbagai spesies satwa. Melalui pengalaman langsung dan kontak dengan alam, masyarakat diajak untuk menghargai keindahan dan keunikan setiap makhluk hidup serta menyadari pentingnya konservasi dan perlindungan lingkungan.\r\n\r\nPembukaan Taman Hewan Pematangsiantar menjadi tonggak penting dalam perjalanan taman hewan ini. Sejak saat itu, taman hewan terus berkembang dan berupaya meningkatkan fasilitas dan programnya. Dengan menggabungkan rekreasi, pendidikan, dan konservasi, Taman Hewan Pematangsiantar telah berhasil menjadi destinasi favorit bagi wisatawan lokal maupun mancanegara. Acara pembukaan yang menggugah semangat tersebut menciptakan warisan yang berkelanjutan, menginspirasi generasi setelahnya untuk melindungi keanekaragaman hayati dan menjaga hubungan harmonis antara manusia dan satwa di masa yang akan datang.                                        '),
(62, 22, 'Perayaan Ulang Tahun Taman Hewan Pematangsiantar: Merayakan Pencapaian dan Menyuguhkan Hiburan serta Pendidikan', 'fa2aa1b62620e2e08bf2.jpg', 'Setiap tahun, Taman Hewan Pematangsiantar merayakan perayaan ulang tahun yang merupakan momen yang sangat ditunggu-tunggu oleh pengunjung dan komunitas pecinta hewan. Perayaan ini menjadi wujud apresiasi terhadap pencapaian dan kesuksesan taman hewan yang telah menjalani peran penting dalam menyediakan hiburan dan pendidikan bagi masyarakat sekitarnya. Acara perayaan ulang tahun ini menyuguhkan berbagai kegiatan yang menarik dan menghibur. Pameran satwa menjadi salah satu sorotan utama dalam acara ini, di mana pengunjung dapat melihat beragam spesies hewan dari berbagai belahan dunia dengan penjelasan yang mendalam tentang kehidupan dan habitat mereka. Pertunjukan hewan juga menjadi atraksi menarik, di mana hewan-hewan terampil menampilkan berbagai trik dan kemampuan yang mengagumkan. Selain itu, berbagai permainan dan kompetisi juga diselenggarakan untuk pengunjung, termasuk permainan interaktif dengan hewan dan perlombaan menarik yang melibatkan partisipasi aktif pengunjung. Semua kegiatan ini bertujuan untuk memberikan pengalaman yang tak terlupakan kepada pengunjung dan meningkatkan kesadaran akan pentingnya konservasi dan perlindungan satwa liar. Perayaan ulang tahun Taman Hewan Pematangsiantar tidak hanya memberikan hiburan, tetapi juga menjadi platform edukatif yang berharga bagi masyarakat dalam memahami pentingnya menjaga keberagaman hayati dan lingkungan hidup.'),
(63, 22, 'Pameran Satwa Langka: Mengungkap Keindahan dan Pentingnya Pelestarian di Siantar Zoo', 'bb40a1a93d1343d9fcc7.jpg', 'Pada suatu kesempatan, Siantar Zoo menggelar acara yang tak kalah menarik yaitu Pameran Satwa Langka. Acara ini merupakan wujud dari komitmen taman hewan dalam melestarikan keanekaragaman hayati dan memberikan kesempatan kepada pengunjung untuk merasakan pengalaman yang luar biasa. Pameran ini menjadi platform yang sempurna bagi pengunjung untuk melihat dekat dan mempelajari spesies-spesies satwa yang jarang ditemui dalam kehidupan sehari-hari.\r\n\r\nDalam pameran ini, Siantar Zoo secara cermat memilih dan menampilkan berbagai spesies satwa langka dan eksotis. Pengunjung dapat mengagumi keindahan dan keunikan setiap satwa yang dipamerkan. Mulai dari harimau Sumatera yang dilindungi, orangutan yang cerdas, burung Cendrawasih yang memesona, hingga kura-kura raksasa yang langka, semua dapat dinikmati dalam pameran ini.\r\n\r\nTidak hanya menjadi wahana hiburan semata, pameran satwa langka di Siantar Zoo juga berfungsi sebagai sarana pendidikan. Tim ahli taman hewan siap memberikan informasi dan pengetahuan mendalam kepada pengunjung mengenai habitat, perilaku, dan pentingnya perlindungan bagi satwa-satwa langka ini. Pengunjung dapat memperoleh pemahaman yang lebih baik tentang upaya konservasi dan pentingnya menjaga kelestarian satwa-satwa yang terancam punah.\r\n\r\nTentu saja, pameran ini juga memberikan kesempatan bagi pengunjung untuk berinteraksi langsung dengan satwa-satwa langka tersebut. Dalam lingkungan yang terkendali dan aman, pengunjung dapat melihat dekat, mengamati tingkah laku, dan bahkan menyaksikan pertunjukan menakjubkan yang melibatkan satwa-satwa langka tersebut. Melalui pengalaman ini, diharapkan masyarakat semakin teredukasi dan terinspirasi untuk ikut berperan aktif dalam pelestarian satwa dan lingkungan.\r\n\r\nPameran Satwa Langka di Siantar Zoo menjadi salah satu acara yang paling dinantikan oleh pengunjung setiap tahunnya. Selain menjadi sumber informasi dan edukasi, pameran ini juga memberikan pengalaman yang mengesankan dan mendalam tentang keindahan alam dan kehidupan satwa yang langka. Taman hewan ini terus berkomitmen untuk mengadakan acara semacam ini guna meningkatkan kesadaran akan perlindungan satwa langka serta memberikan pengalaman tak terlupakan kepada pengunjung.'),
(64, 22, 'Keajaiban Alam dalam Pertunjukan Hewan: Membuka Mata dan Hati untuk Konservasi', 'e52b9f528763bacfb8d4.jpg', 'Setiap kali pengunjung memasuki Siantar Zoo, mereka tidak hanya disambut dengan pemandangan indah dari beragam satwa, tetapi juga dengan pertunjukan hewan yang menakjubkan. Taman hewan ini sering mengadakan pertunjukan yang melibatkan berbagai spesies, termasuk singa, harimau, beruang, dan burung. Pertunjukan ini memberikan pengalaman yang unik dan menarik bagi para pengunjung, sekaligus memperlihatkan kepada mereka keajaiban dunia satwa.\r\n\r\nDalam pertunjukan ini, para hewan ditampilkan dengan keanggunan dan kekuatan alami mereka. Singa-singa gagah dan perkasa melompati lingkaran api, menunjukkan keberanian dan kecanggihan mereka. Harimau-harimau yang mempesona menampilkan kecepatan dan kelincahan mereka dalam atraksi yang penuh aksi. Beruang-beruang besar dengan lincah menghibur penonton dengan gerakan lucu dan keterampilan unik mereka. Burung-burung yang cantik dan cerdas beraksi dengan keindahan warna dan keahlian terbang mereka yang menakjubkan.\r\n\r\nNamun, pertunjukan hewan ini tidak hanya tentang hiburan semata. Di balik tontonan yang mengagumkan ini, terdapat pesan penting tentang perlindungan dan pelestarian satwa liar. Siantar Zoo ingin menyampaikan kepada pengunjung betapa pentingnya menjaga keberadaan spesies-spesies ini di alam liar. Pertunjukan ini merupakan kesempatan bagi pengunjung untuk belajar tentang perilaku alami hewan-hewan tersebut, kebutuhan mereka terhadap lingkungan, serta ancaman yang mereka hadapi di habitat asli mereka.\r\n\r\nMelalui pertunjukan ini, Siantar Zoo berharap dapat meningkatkan kesadaran masyarakat tentang pentingnya pelestarian satwa liar. Mereka ingin menginspirasi pengunjung untuk menjadi agen perubahan dalam upaya konservasi dan perlindungan hewan-hewan yang terancam punah. Pertunjukan hewan di Siantar Zoo tidak hanya memberikan hiburan dan keajaiban alam yang luar biasa, tetapi juga menjadi ajang pembelajaran dan motivasi untuk melakukan tindakan nyata dalam melestarikan keanekaragaman hayati kita.\r\n\r\nDengan demikian, pertunjukan hewan di Siantar Zoo merupakan pengalaman yang menggabungkan keindahan visual, pendidikan, dan panggilan untuk bertindak dalam upaya melindungi dan memelihara satwa liar. Melalui pertunjukan ini, Siantar Zoo berusaha menjembatani kesenangan dan pemahaman, membawa kesadaran lingkungan kepada setiap pengunjungnya. Dengan harapan bahwa melalui pengetahuan dan rasa kagum yang mereka dapatkan dari pertunjukan ini, orang-orang akan semakin peduli dan berkomitmen untuk menjaga kehidupan satwa liar di dunia kita.'),
(65, 22, 'Kegiatan Edukasi Taman Hewan Pematangsiantar: Meningkatkan Kesadaran dan Pemahaman tentang Konservasi Satwa Liar dan Pelestarian Lingkungan', '6d4d45604df4524b9428.jpg', 'Taman Hewan Pematangsiantar tidak hanya menjadi tempat rekreasi yang menyenangkan, tetapi juga memiliki peran penting dalam kegiatan edukasi. Melalui berbagai kegiatan seperti seminar, lokakarya, dan kunjungan sekolah, taman hewan ini berupaya meningkatkan kesadaran dan pemahaman masyarakat, khususnya anak-anak, tentang pentingnya konservasi satwa liar dan pelestarian lingkungan. Dalam seminar dan lokakarya, para ahli dan pakar bidang konservasi berbagi pengetahuan dan informasi tentang isu-isu lingkungan dan keanekaragaman hayati yang menjadi tantangan global. Mereka juga mengajarkan strategi dan praktik yang dapat dilakukan untuk menjaga kelestarian satwa dan habitatnya. Selain itu, kunjungan sekolah ke taman hewan memberikan pengalaman belajar langsung kepada para siswa, mereka dapat melihat satwa-satwa yang hidup secara nyata, belajar tentang spesies-spesies yang langka dan pentingnya menjaga ekosistem. Kegiatan edukasi ini diharapkan dapat menginspirasi generasi muda untuk berperan aktif dalam melindungi alam dan mendorong upaya konservasi di masa depan.'),
(66, 22, 'Festival Satwa: Keindahan, Hiburan, dan Edukasi di Taman Hewan Pematangsiantar', '7f7ee48e732eb1a2e296.jpg', 'Festival atau Karnaval Satwa: Taman Hewan Pematangsiantar tidak hanya menjadi tempat wisata yang menarik untuk pengunjung, tetapi juga pernah mengadakan festival atau karnaval satwa yang menghadirkan pengalaman yang menghibur dan mengesankan. Acara ini dirancang untuk menyajikan hiburan yang unik dan atraktif dengan melibatkan tema satwa sebagai pusat perhatian. Para pengunjung akan disambut dengan pemandangan yang menakjubkan ketika kostum-kostum satwa warna-warni dan realistis dipakai oleh peserta dalam parade yang memenuhi areal taman. Suasana yang penuh kegembiraan tercipta saat musik-musik riang mengiringi langkah mereka, menghidupkan suasana karnaval yang meriah. Selama festival, pengunjung dapat menikmati pertunjukan musik, tarian, dan berbagai aktivitas seru lainnya yang mengusung tema satwa. Selain itu, pameran spesies langka dan eksotis juga dapat dinikmati oleh pengunjung, memberikan kesempatan bagi mereka untuk melihat lebih dekat keindahan dan keunikan satwa-satwa tersebut. Festival atau karnaval satwa ini bukan hanya menjadi hiburan semata, tetapi juga memberikan kesempatan untuk meningkatkan kesadaran masyarakat tentang pentingnya konservasi satwa liar dan pelestarian lingkungan. Melalui kegiatan yang penuh keseruan ini, Taman Hewan Pematangsiantar berperan aktif dalam mengedukasi pengunjung tentang perlindungan satwa dan upaya menjaga keberlanjutan ekosistem alam. Festival atau karnaval satwa di Taman Hewan Pematangsiantar menjadi salah satu acara yang dinantikan setiap tahun, menghadirkan kegembiraan dan pemahaman yang lebih dalam tentang keindahan dan pentingnya satwa serta lingkungan hidup bagi masa depan yang lebih baik.'),
(67, 22, 'Melindungi Keanekaragaman Hayati melalui Program Penelitian dan Konservasi', '3982fd2432cb2f6e088a.jpg', 'Taman Hewan Pematangsiantar telah mengambil inisiatif yang luar biasa dengan terlibat dalam program penelitian dan konservasi satwa. Mereka menjalin kemitraan erat dengan lembaga-lembaga terkait seperti universitas dan lembaga penelitian untuk melaksanakan studi yang mendalam tentang satwa liar. Program penelitian ini bertujuan untuk memahami perilaku, habitat, dan kebutuhan spesies-spesies tertentu yang ada di taman hewan. Dengan pemahaman yang lebih baik tentang satwa liar, taman hewan ini dapat menyediakan lingkungan yang sesuai dan memastikan kesejahteraan hewan-hewan tersebut.\r\n\r\nSelain itu, Taman Hewan Pematangsiantar juga aktif dalam program konservasi. Mereka berkomitmen untuk memelihara dan melindungi spesies-spesies yang terancam punah serta menjaga keberlanjutan ekosistem. Taman hewan ini melakukan upaya pembiakan dan penangkaran untuk mempertahankan populasi satwa yang rentan. Mereka juga terlibat dalam program rehabilitasi dan pelepasliaran hewan-hewan yang berhasil dipulihkan ke habitat alami mereka.\r\n\r\nSelain program penelitian dan konservasi, Taman Hewan Pematangsiantar juga menyelenggarakan berbagai kegiatan sosial dan edukatif untuk membangun kesadaran masyarakat tentang perlindungan lingkungan dan satwa liar. Mereka mengadakan seminar, lokakarya, dan kunjungan sekolah untuk mengedukasi anak-anak dan masyarakat umum tentang pentingnya menjaga keanekaragaman hayati dan bagaimana kita bisa berkontribusi dalam pelestarian satwa liar. Melalui kegiatan-kegiatan ini, taman hewan ini berharap dapat menginspirasi dan mengubah sikap masyarakat terhadap lingkungan serta membentuk generasi yang peduli dan bertanggung jawab terhadap alam.\r\n\r\nProgram penelitian dan konservasi yang dilakukan oleh Taman Hewan Pematangsiantar menunjukkan komitmen mereka yang kuat dalam melindungi keanekaragaman hayati dan mempromosikan keseimbangan ekosistem. Melalui upaya ini, taman hewan ini tidak hanya menjadi tempat rekreasi dan hiburan, tetapi juga menjadi pusat pembelajaran yang berharga bagi masyarakat.'),
(68, 22, 'Harmoni Alam dan Musik: Konser Musik yang Memikat di Siantar Zoo', 'e7eb0b5c2944559b825a.jpg', 'Siantar Zoo telah menjadi tuan rumah sejumlah konser musik terbuka yang menarik perhatian pengunjung dari berbagai kalangan. Dalam rangka menyediakan hiburan yang berbeda dan menarik, taman hewan ini sering mengundang artis lokal maupun nasional untuk tampil di lokasinya yang indah. Konser musik di Siantar Zoo memberikan pengalaman yang unik bagi pengunjung dengan kombinasi antara alam yang alami dan irama musik yang memikat. Keindahan alam sekitar, seperti pepohonan hijau, danau yang jernih, serta kehadiran satwa-satwa yang menakjubkan, menciptakan latar belakang yang menawan untuk acara musik. Para pengunjung dapat menikmati lagu-lagu favorit mereka sambil bersantai di tengah atmosfer yang penuh semangat dan keceriaan. Selain itu, konser musik di taman hewan ini juga memberikan kesempatan bagi artis lokal untuk memperkenalkan bakat mereka kepada khalayak yang lebih luas. Hal ini mendukung perkembangan industri musik lokal dan memperkaya pengalaman budaya pengunjung. Dengan menggabungkan alam yang mempesona dan musik yang memikat, konser musik di Siantar Zoo menciptakan momen yang tak terlupakan bagi para pengunjung, memperkuat daya tarik taman hewan ini sebagai destinasi wisata yang unik dan beragam.'),
(69, 22, 'Kebun Bunga yang Memukau: Pameran Taman Bunga di Siantar Zoo', 'f85538598dc36f035d40.jpg', 'Siantar Zoo sebagai destinasi wisata yang menarik, sering kali menggelar pameran taman bunga yang memukau. Dalam pameran ini, pengunjung dapat merasakan keindahan alam yang mempesona melalui berbagai jenis bunga dan taman yang indah. Dengan hati-hati dan keahlian, taman bunga dirancang dan ditata dengan apik, menciptakan komposisi warna yang memukau dan harmoni alami di antara dedaunan hijau yang melimpah. Pengunjung akan disuguhkan dengan pemandangan yang memanjakan mata, seperti hamparan padang bunga dengan beragam varietas dan warna yang memikat. Mulai dari mawar yang elegan, melati yang harum, krisan yang berwarna-warni, hingga bunga eksotis yang jarang ditemui, semuanya menghiasi taman dengan keindahan yang memukau. Selain itu, elemen-elemen dekoratif seperti air mancur, batu-batuan hias, dan ornamen taman menambah keindahan visual dan menawarkan pengalaman yang menyegarkan bagi para pengunjung. Pameran taman bunga di Siantar Zoo tidak hanya menawarkan keindahan visual, tetapi juga memberikan pengalaman yang memikat, di mana pengunjung dapat berjalan-jalan di tengah bunga-bunga yang indah, merasakan keharuman mereka, dan menikmati suasana taman yang mempesona. Pameran taman bunga ini tidak hanya memberikan pengalaman yang menghibur, tetapi juga mengajak pengunjung untuk memanjakan diri dalam keajaiban alam yang dipamerkan melalui keindahan bunga-bunga yang menghiasi taman Siantar Zoo.'),
(70, 22, 'Mengabadikan Keindahan Satwa: Lomba Fotografi di Taman Hewan Pematangsiantar', '278ba66cc2eeeeb01c2b.jpg', 'Lomba fotografi yang diadakan di Taman Hewan Pematangsiantar merupakan sebuah acara yang sangat dinantikan oleh para fotografer baik yang masih amatir maupun yang sudah profesional. Lomba ini memberikan kesempatan bagi mereka untuk mengekspresikan kreativitas mereka dalam mengabadikan momen-momen indah dari kehidupan satwa yang ada di dalam taman hewan.\r\nTaman Hewan Pematangsiantar sendiri merupakan tempat yang ideal untuk menggelar lomba fotografi semacam ini karena memiliki beragam spesies satwa yang menarik dan berbagai pemandangan alam yang indah. Peserta lomba dapat mengambil gambar-gambar yang menampilkan keunikan dan keindahan satwa-satwa tersebut, sehingga menciptakan karya-karya fotografi yang memukau.\r\nPara fotografer amatir dapat belajar dari para profesional yang juga ikut serta dalam lomba ini. Mereka dapat melihat bagaimana para fotografer berpengalaman mengatur komposisi, pencahayaan, dan sudut pengambilan gambar untuk menghasilkan foto-foto yang menarik dan berkesan. Selain itu, lomba fotografi ini juga memberikan kesempatan bagi para fotografer amatir untuk mendapatkan pengakuan dan apresiasi atas hasil karya mereka.\r\nSelain sebagai ajang kompetisi, lomba fotografi di Taman Hewan Pematangsiantar juga menjadi sarana untuk meningkatkan kesadaran akan pentingnya pelestarian satwa dan habitat alam. Melalui gambar-gambar yang dihasilkan, peserta lomba dapat menyampaikan pesan-pesan tentang pentingnya menjaga keanekaragaman hayati dan perlunya perlindungan terhadap satwa liar.\r\nSecara keseluruhan, lomba fotografi di Taman Hewan Pematangsiantar merupakan suatu acara yang tidak hanya memberikan kesempatan bagi para fotografer untuk menunjukkan keahlian mereka, tetapi juga menginspirasi masyarakat untuk lebih peduli terhadap kehidupan satwa dan lingkungan sekitar.'),
(71, 22, 'Meningkatkan Kesadaran dan Pelestarian: Event Hari Spesies Terancam di Siantar Zoo', '96a72ca7bb98a5985509.jpg', 'Setiap tahun, Siantar Zoo menyelenggarakan event khusus untuk memperingati Hari Spesies Terancam dengan tujuan utama meningkatkan kesadaran masyarakat tentang pentingnya perlindungan terhadap spesies-spesies langka yang terancam punah. Acara ini menjadi platform yang sangat berarti bagi pengunjung untuk belajar lebih banyak tentang spesies-spesies tersebut dan bagaimana mereka dapat berkontribusi dalam pelestariannya.\r\nSelama acara Hari Spesies Terancam di Siantar Zoo, pengunjung diberi kesempatan unik untuk mengenal secara lebih mendalam spesies-spesies langka yang dihadirkan. Terdapat berbagai jenis kegiatan edukatif seperti pameran foto, presentasi, dan diskusi dengan ahli konservasi hewan yang memberikan wawasan tentang situasi spesies terancam dan tantangan yang dihadapi dalam upaya pelestariannya. Melalui informasi yang disampaikan, pengunjung dapat memahami pentingnya menjaga keberlanjutan ekosistem dan biodiversitas, serta dampak yang ditimbulkan jika spesies-spesies tersebut punah.\r\nSelain itu, Siantar Zoo juga mendorong partisipasi aktif dari pengunjung dalam pelestarian spesies terancam. Mereka diberi informasi tentang berbagai program pelestarian yang dapat didukung, seperti kampanye penggalangan dana, penanaman pohon, dan kampanye kesadaran publik. Melalui aksi nyata ini, pengunjung merasa terlibat secara langsung dalam upaya pelestarian spesies-spesies yang rentan dan merasa memiliki peran penting dalam menjaga kelestarian alam.\r\nDengan adanya acara Hari Spesies Terancam, Siantar Zoo telah menciptakan platform yang efektif untuk menyebarkan pesan-pesan penting tentang konservasi dan pelestarian spesies-spesies langka. Diharapkan bahwa kesadaran dan partisipasi masyarakat dalam upaya perlindungan terhadap spesies-spesies terancam akan terus meningkat, sehingga kita dapat mewariskan kekayaan alam ini kepada generasi mendatang.'),
(72, 22, 'Mengintip Keindahan Malam: Safari Malam di Siantar Zoo', '472417e9b446097b532b.jpg', 'Safari Malam yang diadakan oleh Siantar Zoo merupakan sebuah pengalaman yang unik bagi para pengunjung yang ingin menjelajahi taman hewan di malam hari. Acara ini memberikan kesempatan langka untuk melihat hewan-hewan dalam keadaan aktif pada waktu yang biasanya mereka habiskan di dalam kandang atau tidur di siang hari.\r\n\r\nPengunjung akan merasakan suasana yang berbeda saat menjelajahi taman hewan di malam hari. Cahaya redup, suara-suara alam, dan kehadiran hewan-hewan yang terjaga memberikan nuansa magis dan misterius. Para pengunjung dapat melihat bagaimana hewan-hewan bereaksi terhadap kegelapan dan menggunakan indera mereka yang tajam untuk berburu, mencari makanan, atau berkomunikasi dengan sesama anggota spesies mereka.\r\nSelain itu, safari malam di Siantar Zoo juga merupakan kesempatan yang langka untuk mempelajari perilaku dan kehidupan hewan-hewan pada malam hari. Pengunjung dapat melihat bagaimana mereka berinteraksi, bermain, atau mencari makan di habitat alami mereka. Hal ini memberikan wawasan yang lebih mendalam tentang kehidupan hewan-hewan di alam liar dan pentingnya menjaga habitat mereka agar tetap lestari.\r\nSafari Malam di Siantar Zoo tidak hanya memberikan pengalaman yang tak terlupakan bagi para pengunjung, tetapi juga menjadi kesempatan edukatif untuk meningkatkan pemahaman tentang keanekaragaman hayati dan perlindungan lingkungan. Dengan melihat hewan-hewan dalam keadaan aktif di malam hari, pengunjung dapat menghargai keunikan dan pentingnya menjaga keberagaman satwa-satwa yang ada di taman hewan dan alam liar secara keseluruhan.'),
(73, 22, 'Meningkatkan Pengetahuan dan Keterampilan Konservasi: Pelatihan bagi Petugas Taman Hewan di Siantar Zoo', '43f700d81b4d8978331c.jpg', '\r\nPelatihan Konservasi yang diadakan secara teratur oleh Siantar Zoo merupakan inisiatif yang sangat berarti dalam upaya meningkatkan pengetahuan dan keterampilan para petugas taman hewan serta pihak terkait lainnya. Tujuan utama dari pelatihan ini adalah untuk meningkatkan pemahaman mereka tentang penanganan dan perawatan satwa, serta upaya pelestarian lingkungan.\r\n\r\nPelatihan tersebut mencakup berbagai aspek penting dalam konservasi, termasuk pengetahuan tentang biologi dan perilaku satwa, teknik-teknik penanganan yang aman dan etis, serta prinsip-prinsip dasar dalam pengelolaan dan pemeliharaan lingkungan. Para peserta pelatihan diajarkan tentang cara menyediakan lingkungan yang optimal bagi satwa, termasuk aspek kebersihan, pemberian makanan dan minuman yang tepat, serta penyediaan ruang gerak yang memadai.\r\nSelain itu, pelatihan konservasi juga mencakup pemahaman tentang upaya pelestarian satwa dan lingkungan secara keseluruhan. Para peserta diberikan informasi tentang spesies-spesies yang terancam punah dan bagaimana mereka dapat berperan aktif dalam menjaga kelestarian mereka, baik melalui program konservasi di taman hewan maupun dalam kehidupan sehari-hari. Mereka juga diajarkan tentang pentingnya pengelolaan yang berkelanjutan, perlindungan habitat alami, dan tindakan nyata yang dapat dilakukan untuk mengurangi dampak negatif terhadap lingkungan.\r\nDengan adanya pelatihan konservasi ini, Siantar Zoo memastikan bahwa para petugas taman hewan dan pihak terkait memiliki pengetahuan dan keterampilan yang memadai untuk merawat satwa dengan baik dan berkontribusi dalam upaya pelestarian lingkungan. Pelatihan ini menjadi investasi penting untuk menciptakan lingkungan yang lebih baik bagi satwa dan menjaga keanekaragaman hayati di masa depan.');
INSERT INTO `service` (`id`, `facility_id`, `name`, `foto`, `detail`) VALUES
(74, 22, 'Menyemai Kesadaran: Pekan Keanekaragaman Hayati di Siantar Zoo', 'b34b38aef1ffb57c48a5.jpg', '\r\nPekan Keanekaragaman Hayati yang diadakan oleh Siantar Zoo merupakan sebuah acara yang sangat penting dalam rangka memperingati Hari Keanekaragaman Hayati Sedunia. Acara ini menawarkan pameran, diskusi panel, dan kegiatan lainnya yang bertujuan untuk meningkatkan pemahaman dan apresiasi terhadap keanekaragaman hayati serta upaya pelestariannya.\r\nMelalui pameran, pengunjung dapat menjelajahi beragam spesies tumbuhan dan hewan yang ada di Siantar Zoo. Pameran ini tidak hanya menampilkan keindahan dan keunikan spesies-spesies tersebut, tetapi juga menyampaikan informasi penting mengenai peran mereka dalam menjaga keseimbangan ekosistem dan kehidupan manusia. Para pengunjung akan memperoleh pemahaman yang lebih mendalam tentang pentingnya keanekaragaman hayati dan dampak yang timbul jika kehilangannya terus berlanjut.\r\nSelain pameran, diskusi panel juga menjadi bagian penting dalam Pekan Keanekaragaman Hayati di Siantar Zoo. Diskusi ini melibatkan para ahli konservasi, ilmuwan, dan pemangku kepentingan terkait lainnya yang akan berbagi pengetahuan dan pengalaman mereka. Topik yang dibahas termasuk tantangan pelestarian keanekaragaman hayati, upaya yang dapat dilakukan untuk melestarikan spesies terancam punah, dan pentingnya perlindungan habitat alami.\r\nSeluruh kegiatan yang diselenggarakan dalam Pekan Keanekaragaman Hayati bertujuan untuk menginspirasi dan mengedukasi masyarakat tentang pentingnya menjaga keanekaragaman hayati dan keterlibatan mereka dalam upaya pelestariannya. Diharapkan, melalui acara ini, kesadaran akan pentingnya keanekaragaman hayati akan semakin meningkat dan masyarakat akan termotivasi untuk ikut berperan serta dalam menjaga kelestarian alam dan makhluk hidup di sekitar kita.'),
(75, 22, 'Halloween di Siantar Zoo: Merayakan Semangat dengan Hewan dan Kostum yang Menyenangkan', '9a51f52ab6e4c5c575ec.jpg', 'Pada saat Halloween, Siantar Zoo mengadakan pesta khusus dengan tema Halloween yang menyenangkan. Acara ini memberikan kesempatan bagi pengunjung untuk merayakan Halloween dengan suasana yang unik di tengah hewan-hewan yang ada di taman.\r\nPesta Halloween di Siantar Zoo menawarkan beragam kegiatan menyenangkan untuk semua pengunjung. Para pengunjung dapat berpartisipasi dalam permainan interaktif yang dirancang khusus dengan tema Halloween. Selain itu, pengunjung juga dapat berdandan dengan kostum-kostum kreatif yang sesuai dengan semangat Halloween. Hal ini menciptakan suasana yang penuh kegembiraan dan memungkinkan pengunjung untuk berpartisipasi aktif dalam perayaan tersebut.\r\nSelain kegiatan menyenangkan, pesta Halloween di Siantar Zoo juga menampilkan penampilan hewan-hewan dengan sentuhan Halloween. Beberapa hewan mungkin akan diberi makanan khusus yang berhubungan dengan Halloween atau didekorasi dengan cara yang mencerminkan semangat Halloween. Ini memberikan pengalaman yang unik dan menghibur bagi pengunjung, sambil juga menambah daya tarik visual dalam pesta Halloween.\r\nPesta Halloween di Siantar Zoo merupakan kesempatan yang menyenangkan bagi pengunjung untuk merayakan Halloween sambil menikmati kehadiran hewan-hewan yang menarik. Acara ini menciptakan atmosfer yang berbeda dan menghibur, memadukan semangat Halloween dengan keunikan dan keindahan dunia satwa.'),
(76, 22, 'Melalui Pengetahuan dan Pengalaman: Program Penyuluhan Sekolah Siantar Zoo untuk Meningkatkan Kesadaran Keanekaragaman Hayati', 'bf814b275c774f315b4e.jpg', 'Program Penyuluhan Sekolah yang diselenggarakan oleh Siantar Zoo memiliki tujuan penting dalam memberikan pengetahuan tentang satwa liar, lingkungan, dan konservasi kepada siswa dan guru. Program ini dirancang secara khusus untuk memberikan pengalaman belajar yang interaktif dan menghibur.\r\nSalah satu komponen utama dari program ini adalah kunjungan ke taman hewan. Siswa akan diperkenalkan kepada berbagai spesies satwa liar dan mendapatkan kesempatan untuk melihat langsung hewan-hewan tersebut dalam habitat mereka. Dalam kunjungan ini, para siswa akan diajarkan tentang karakteristik unik dari setiap spesies, pola perilaku, dan peran mereka dalam ekosistem. Hal ini memberikan pengalaman belajar yang mendalam dan membuat siswa semakin menghargai keanekaragaman hayati.\r\nSelain kunjungan ke taman hewan, program ini juga mencakup presentasi dan aktivitas interaktif. Presentasi akan melibatkan penyampaian informasi tentang pentingnya pelestarian satwa liar dan perlindungan lingkungan. Aktivitas interaktif seperti permainan edukatif, demonstrasi, atau kuis juga akan dilakukan untuk mendorong partisipasi aktif siswa dan meningkatkan pemahaman mereka tentang isu-isu konservasi.\r\nMelalui Program Penyuluhan Sekolah, Siantar Zoo berharap dapat meningkatkan kesadaran dan pemahaman siswa tentang pentingnya menjaga keanekaragaman hayati dan pelestarian lingkungan. Dengan memberikan pengetahuan yang mendalam dan pengalaman yang interaktif, program ini menjadi langkah penting dalam membentuk generasi yang peduli terhadap alam dan siap berperan dalam menjaga kelestarian satwa liar dan ekosistem kita.'),
(77, 22, 'Menggabungkan Seni dan Alam: Pertunjukan Seni Budaya di Taman Hewan Pematangsiantar', '9ebbf7240a68de5a1e24.jpg', 'Pertunjukan Seni Budaya yang diadakan di Taman Hewan Pematangsiantar merupakan sebuah wahana untuk memperkenalkan dan mengapresiasi seni dan budaya kepada pengunjung. Melalui pagelaran musik, tari, dan teater, Taman Hewan Pematangsiantar menciptakan suasana yang unik dan memukau, memberikan hiburan yang beragam bagi pengunjung dari segala usia.\r\nDalam pertunjukan seni, Taman Hewan Pematangsiantar menyajikan kombinasi antara seni tradisional dan kontemporer. Pengunjung dapat menikmati penampilan musik tradisional yang memukau, seperti orkestra gamelan atau pertunjukan musik etnik. Selain itu, tarian tradisional yang mempesona juga sering dipertunjukkan, menghadirkan gerakan yang indah dan kaya dengan makna budaya. Tak hanya itu, pertunjukan teater yang mengangkat cerita-cerita lokal atau tema lingkungan juga menjadi bagian menarik dalam acara ini.\r\nPertunjukan Seni Budaya di Taman Hewan Pematangsiantar tidak hanya menyajikan hiburan semata, tetapi juga berfungsi sebagai wadah untuk memperkenalkan kekayaan seni dan budaya kepada pengunjung. Melalui pertunjukan ini, pengunjung dapat lebih memahami warisan budaya lokal dan apresiasi terhadap seni tradisional. Selain itu, pertunjukan seni juga menjadi ajang bagi para seniman lokal untuk menampilkan bakat dan karya mereka, memberikan pengakuan dan dukungan bagi perkembangan seni dan budaya di wilayah tersebut.\r\nDengan adanya Pertunjukan Seni Budaya, Taman Hewan Pematangsiantar menciptakan suasana yang memikat dan edukatif bagi pengunjung. Acara ini menjadi sarana penting untuk mempromosikan seni dan budaya, melestarikan warisan budaya lokal, dan memberikan pengalaman yang berbeda di tengah keindahan satwa di taman hewan.'),
(78, 22, 'Berkontribusi untuk Satwa: Program Voluntourism di Taman Hewan Pematangsiantar', '605e16e2e95988fe494c.jpg', 'Program Voluntourism yang diluncurkan oleh Taman Hewan Pematangsiantar memberikan kesempatan unik bagi pengunjung untuk berpartisipasi aktif dalam kegiatan perawatan dan pemeliharaan satwa di taman hewan. Peserta program akan terlibat langsung dalam pekerjaan sehari-hari seperti memberi makan, membersihkan kandang, dan merawat satwa dengan bimbingan petugas yang berpengalaman.\r\nMelalui program ini, pengunjung tidak hanya mendapatkan pengalaman mendalam tentang kehidupan satwa di taman hewan, tetapi juga berkontribusi secara langsung dalam upaya konservasi satwa. Dengan terlibat dalam kegiatan perawatan, peserta program dapat memahami tantangan dan tanggung jawab dalam menjaga kesejahteraan dan kehidupan satwa di lingkungan yang aman dan nyaman. Selain itu, mereka juga dapat belajar tentang perlindungan dan pemulihan spesies yang terancam punah, serta pentingnya menjaga habitat alami.\r\nProgram Voluntourism di Taman Hewan Pematangsiantar memberikan kesempatan yang berharga bagi peserta untuk terlibat langsung dalam upaya konservasi satwa. Selain itu, program ini juga meningkatkan kesadaran dan pemahaman tentang perlindungan satwa liar serta pentingnya pelestarian alam. Dengan adanya partisipasi sukarela dari pengunjung, Taman Hewan Pematangsiantar dapat melibatkan masyarakat secara aktif dalam upaya pelestarian dan menjadi pusat pengajaran yang berdampak positif bagi perlindungan satwa dan lingkungan.'),
(79, 22, 'Mengasah Kreativitas Anak-anak: Kompetisi Seni Satwa dan Alam di Siantar Zoo', '70197d4544a2cd9d3d61.jpg', 'Kompetisi Seni Anak-anak yang diselenggarakan oleh Siantar Zoo memberikan kesempatan bagi anak-anak untuk mengekspresikan kreativitas mereka melalui seni. Dengan tema yang terkait dengan satwa dan alam, kompetisi ini mendorong anak-anak untuk mengamati dan mengapresiasi keindahan alam serta keanekaragaman satwa. Melalui gambar, lukisan, atau kerajinan tangan, anak-anak dapat menggambarkan imajinasi mereka tentang dunia satwa dan alam.\r\nKompetisi seni ini memiliki tujuan yang penting dalam memupuk minat dan apresiasi seni pada generasi muda. Dengan melibatkan anak-anak dalam kegiatan seni, mereka dapat mengembangkan keterampilan kreatif, ekspresi diri, dan pemecahan masalah. Selain itu, kompetisi ini juga membangun rasa percaya diri dan penghargaan terhadap hasil karya mereka. Melalui proses kompetisi, anak-anak belajar untuk berani mengungkapkan ide dan pandangan mereka secara artistik, serta menghargai keunikan dan keberagaman karya seni yang dihasilkan oleh teman-teman sebayanya.\r\nDengan menyelenggarakan Kompetisi Seni Anak-anak, Siantar Zoo tidak hanya memberikan kesempatan bagi anak-anak untuk berpartisipasi dalam aktivitas kreatif, tetapi juga memberikan pengakuan dan penghargaan terhadap bakat seni mereka. Kompetisi ini menciptakan lingkungan yang positif dan mendukung bagi anak-anak untuk mengembangkan minat mereka dalam seni dan memberikan motivasi untuk terus mengembangkan kemampuan mereka.'),
(80, 22, 'Petualangan Alam yang Memikat: Program Jelajah Alam di Taman Hewan Pematangsiantar', 'a65cccfcc860470ef06f.jpg', 'Program Jelajah Alam yang diselenggarakan oleh Taman Hewan Pematangsiantar merupakan sebuah kesempatan yang unik bagi peserta untuk menjelajahi alam liar yang ada di sekitar taman hewan. Peserta akan dipandu oleh tim ahli yang akan memimpin mereka dalam petualangan mendalam ke alam, memperkenalkan mereka pada keanekaragaman flora, fauna, dan ekosistem yang ada.\r\nDalam program ini, peserta akan belajar tentang flora dan fauna yang hidup di sekitar taman hewan. Mereka akan diberikan pengetahuan tentang jenis-jenis tumbuhan, hewan, dan interaksi mereka dalam ekosistem yang kompleks. Peserta juga akan diberi pemahaman tentang pentingnya menjaga keseimbangan alam dan melindungi keanekaragaman hayati.\r\nSelain pembelajaran, program Jelajah Alam juga bertujuan untuk menghargai keindahan alam di sekitar taman hewan. Peserta akan mengalami langsung keindahan pemandangan alam, seperti sungai, hutan, dan lereng gunung. Mereka akan memiliki kesempatan untuk menikmati udara segar, melihat satwa liar, dan merasakan kedamaian yang diberikan oleh alam.\r\nProgram Jelajah Alam di Taman Hewan Pematangsiantar merupakan sebuah pengalaman yang tak terlupakan bagi peserta. Selain mendapatkan pengetahuan baru tentang alam liar, mereka juga akan mengembangkan rasa cinta dan kepedulian terhadap lingkungan alam serta memperoleh pemahaman tentang pentingnya pelestarian alam bagi kehidupan kita dan generasi mendatang.'),
(81, 22, 'Rasakan Kenikmatan Kuliner Lokal: Pekan Gastronomi di Taman Hewan Pematangsiantar', 'f80a56273ac2fae37278.jpg', 'Pekan Gastronomi yang diselenggarakan oleh Taman Hewan Pematangsiantar merupakan sebuah acara yang memanjakan lidah pengunjung dengan hidangan kuliner khas daerah sekitar. Acara ini memberikan pengalaman kuliner yang istimewa dengan menampilkan beragam makanan dan minuman tradisional yang lezat.\r\nPada Pekan Gastronomi, pengunjung dapat menjelajahi berbagai stand makanan yang menawarkan hidangan khas daerah sekitar taman hewan. Mereka dapat mencicipi berbagai hidangan tradisional yang memanjakan lidah, seperti masakan lokal, makanan ringan, dan camilan tradisional. Pengunjung juga dapat menikmati minuman segar yang juga merupakan spesialitas daerah tersebut. Semua hidangan disajikan dengan cita rasa autentik dan menggunakan bahan-bahan lokal yang berkualitas.\r\nSelain menikmati hidangan lezat, pengunjung juga dapat menikmati suasana taman hewan yang indah dan nyaman. Makanan dapat dinikmati di area yang disediakan, baik itu di area terbuka dengan pemandangan alam yang menakjubkan atau di area dengan fasilitas yang nyaman. Pengunjung dapat merasakan sensasi yang unik dengan menikmati kuliner sambil berinteraksi dengan satwa-satwa yang ada di sekitar taman hewan.\r\nPekan Gastronomi di Taman Hewan Pematangsiantar tidak hanya menyajikan pengalaman kuliner yang menggugah selera, tetapi juga menjadi ajang untuk mempromosikan dan mengapresiasi warisan kuliner daerah sekitar. Acara ini memperkuat hubungan antara masyarakat lokal, taman hewan, dan pengunjung dalam merayakan keanekaragaman kuliner tradisional yang ada di sekitar taman hewan.'),
(82, 22, 'Meriahnya Perayaan Hari Raya: Acara Spesial di Siantar Zoo', 'dad0482ecdf73b36ffbe.jpg', 'Acara Spesial Hari Raya yang diadakan oleh Siantar Zoo merupakan sebuah perayaan yang meriah untuk memperingati hari raya seperti Idul Fitri atau Natal. Selama perayaan ini, taman hewan menghias dirinya dengan dekorasi khusus yang menggambarkan semangat dan nuansa meriah dari perayaan tersebut. Pengunjung akan disambut dengan suasana yang penuh dengan kegembiraan dan semangat perayaan.\r\nSelama acara ini, Siantar Zoo menawarkan pertunjukan tema hari raya yang menghibur pengunjung. Pertunjukan tersebut dapat berupa tarian tradisional, musik, atau drama yang mengangkat nilai-nilai dan cerita dari perayaan yang sedang dirayakan. Pengunjung akan merasakan keseruan dan kehangatan dalam pertunjukan ini, sekaligus memperoleh pemahaman lebih dalam tentang makna dan tradisi dari perayaan tersebut.\r\nSelain itu, berbagai kegiatan menyenangkan juga diselenggarakan selama acara Spesial Hari Raya. Pengunjung dapat berpartisipasi dalam permainan, kompetisi, atau kegiatan interaktif lainnya yang sesuai dengan tema perayaan. Hal ini memberikan kesempatan bagi pengunjung untuk merasakan kegembiraan perayaan dan menciptakan kenangan berharga bersama keluarga dan teman-teman di Siantar Zoo.\r\nAcara Spesial Hari Raya di Siantar Zoo menjadi momen yang istimewa bagi pengunjung untuk merayakan perayaan dengan suasana yang unik dan menarik. Selama acara ini, mereka dapat merasakan kebersamaan, kegembiraan, dan kehangatan yang selalu hadir dalam perayaan hari raya.'),
(83, 18, 'Beruang madu', '9d363bdb000b960513d4.jpg', 'Beruang madu, atau juga dikenal sebagai beruang hitam Asia, merupakan spesies beruang yang ditemukan di Asia Timur dan Tenggara. Beruang madu memiliki ciri khas yang membedakannya dari spesies beruang lain, yaitu adanya pola bulu berwarna hitam yang terlihat seperti jubah di bagian punggungnya. Nama &quot;madu&quot; berasal dari kebiasaan mereka mencari makanan utama berupa madu lebah dan serbuk sari dari bunga.\r\nBeruang madu adalah hewan yang tergolong omnivora, artinya mereka memakan berbagai jenis makanan termasuk buah-buahan, serangga, madu, tunas-tunas, dan daging kecil. Mereka juga memiliki kemampuan memanjat pohon yang baik dan sering menghabiskan waktu mereka di atas pohon saat mencari makanan atau beristirahat. Beruang madu juga merupakan hewan yang pemalu dan lebih suka menjauh dari kehadiran manusia.\r\nPopulasi beruang madu mengalami penurunan signifikan akibat hilangnya habitat alaminya, perburuan ilegal, dan konflik dengan manusia. Oleh karena itu, upaya konservasi dan perlindungan terhadap spesies ini sangat penting. Beberapa langkah yang dilakukan termasuk perlindungan habitat alaminya, penegakan hukum terhadap perburuan ilegal, dan pendidikan masyarakat tentang pentingnya menjaga keseimbangan ekosistem dan keberlanjutan populasi beruang madu.\r\nBeruang madu memiliki peran ekologis yang penting dalam menjaga keanekaragaman hayati di ekosistem hutan. Sebagai pemencar biji-bijian dan penyebar serbuk sari, mereka berkontribusi dalam proses regenerasi hutan yang penting untuk keberlangsungan ekosistem. Melalui upaya konservasi yang berkelanjutan, diharapkan populasi beruang madu dapat pulih dan keberadaannya dapat terjaga untuk masa depan yang lebih baik.'),
(84, 18, 'Binturong', '9c959c70c2cfc65fe8dd.jpg', 'Binturong, juga dikenal sebagai beruang madu jambul, adalah hewan endemik Asia Tenggara yang termasuk dalam keluarga Viverridae. Mereka memiliki ciri khas berupa jambul di bagian kepala dan bulu yang lebat serta berwarna cokelat tua. Binturong memiliki ukuran tubuh yang agak besar, dengan panjang tubuh mencapai 70-95 cm dan ekor sekitar 60-90 cm.\r\nBinturong adalah hewan arboreal, yang berarti mereka lebih sering berada di atas pohon daripada di tanah. Mereka memiliki kaki yang kuat dan cakar yang baik untuk memanjat dan bergerak di antara cabang-cabang pohon. Binturong juga memiliki ekor yang panjang dan fleksibel yang membantu mereka menjaga keseimbangan saat berada di atas pohon.\r\nMakanan utama binturong terdiri dari buah-buahan, tunas, daun, dan serangga. Mereka juga dikenal sebagai pemakan madu, di mana mereka dapat mencari sarang lebah dan mencuri madu dari koloni lebah tanpa terkena sengatan lebah. Binturong memiliki saluran pencernaan yang khusus yang memungkinkan mereka mencerna makanan yang sulit dicerna oleh hewan lain, seperti tanin yang terdapat dalam beberapa jenis daun.\r\nStatus konservasi binturong saat ini dikategorikan sebagai rentan (vulnerable) karena penurunan populasi yang signifikan akibat hilangnya habitat alaminya dan perburuan ilegal. Binturong sering menjadi korban perdagangan ilegal karena keindahan bulunya dan kepercayaan bahwa mereka memiliki kekuatan mistis. Upaya konservasi penting dilakukan untuk melindungi habitat alaminya dan menghentikan perdagangan ilegal binturong agar spesies ini dapat terus bertahan dan berkontribusi dalam ekosistem hutan yang seimbang.'),
(85, 18, 'Caracal', '2d57902dc2755b608ccf.jpg', 'Caracal, juga dikenal sebagai lynx gurun, adalah kucing liar yang terkenal dengan telinga berbulu panjang dan tajam. Mereka adalah spesies yang ditemukan di berbagai habitat, termasuk gurun, savana, hutan, dan pegunungan di Afrika, Timur Tengah, dan sebagian Asia Tengah. Caracal memiliki ukuran tubuh sedang dengan panjang tubuh mencapai 70-90 cm dan berat sekitar 10-20 kg.\r\nSalah satu ciri khas utama caracal adalah telinga panjang dan tegak yang memiliki tiga strip hitam pada bagian belakangnya. Telinga ini berfungsi untuk meningkatkan pendengaran mereka, membantu dalam penangkapan mangsa dan menghindari pemangsa. Caracal juga memiliki tubuh yang lincah dan anggun, dengan kaki yang kuat dan cakar yang tajam untuk berburu mangsa.\r\nCaracal adalah pemangsa yang terampil dan mampu berburu berbagai jenis mangsa, termasuk burung, kelinci, tupai, dan reptil. Mereka menggunakan keterampilan melompat yang luar biasa untuk menangkap burung yang terbang di udara. Selain itu, caracal juga terkenal dengan kemampuannya menangkap burung dalam penerbangan dengan loncatan tinggi yang mencengangkan.\r\nMeskipun caracal masih cukup melimpah dalam populasi, mereka menghadapi ancaman terhadap habitat alaminya dan perburuan ilegal. Hilangnya habitat akibat pertumbuhan populasi manusia dan aktivitas manusia yang merusak mengurangi ruang hidup mereka. Selain itu, perdagangan ilegal caracal juga menjadi ancaman serius terhadap kelangsungan hidup mereka. Upaya konservasi dan perlindungan habitat yang lebih baik diperlukan untuk menjaga populasi caracal agar tetap sehat dan berkelanjutan di alam liar.\r\n\r\n\r\n'),
(86, 18, 'Cotton-top Tamarin', '575e1c0dd1b033803880.jpg', 'Cotton-top Tamarin (Saguinus oedipus) adalah primata kecil yang ditemukan di hutan hujan Amerika Tengah, khususnya di negara Kolombia. Mereka mendapatkan nama mereka dari rambut putih mirip kapas yang menutupi bagian atas kepala mereka. Cotton-top Tamarin memiliki ukuran tubuh kecil, dengan panjang tubuh sekitar 20-25 cm dan ekor sekitar 35-40 cm. Mereka memiliki ciri khas wajah yang menarik, dengan bulu putih di sekitar wajah dan mata yang besar dan ekspresif.\r\nCotton-top Tamarin adalah hewan yang sangat sosial dan hidup dalam kelompok kecil yang terdiri dari sekitar 2 hingga 13 individu. Mereka memiliki sistem hierarki yang terorganisir dengan baik di dalam kelompok, di mana pasangan pemimpin mendominasi dan mengendalikan sumber daya dan aktivitas kelompok. Mereka juga terkenal karena perilaku kooperatif, seperti saling membersihkan dan berbagi makanan.\r\nDalam hal makanan, Cotton-top Tamarin adalah hewan omnivora, yang berarti mereka memakan berbagai jenis makanan. Diet mereka terdiri dari buah-buahan, nektar, serangga, telur burung, dan juga nektar tanaman. Mereka menggunakan gigi mereka yang tajam untuk membantu mereka mengupas kulit buah dan mencari serangga kecil di dalam pepohonan.\r\nSayangnya, Cotton-top Tamarin adalah spesies yang terancam punah. Mereka menghadapi ancaman dari hilangnya habitat mereka akibat deforestasi, perburuan untuk perdagangan ilegal, dan perangkat pancing yang digunakan dalam perburuan ikan yang mengakibatkan banyak primata terperangkap. Berbagai upaya konservasi dilakukan untuk melindungi Cotton-top Tamarin, termasuk peningkatan kesadaran masyarakat, perlindungan habitat alaminya, dan penegakan hukum terhadap perdagangan ilegal.'),
(87, 18, 'Harimau', 'd5f43f7b5e377bf3bc60.jpg', 'Harimau, atau Panthera tigris, adalah salah satu kucing besar yang paling ikonik dan terancam punah di dunia. Mereka ditemukan di berbagai habitat seperti hutan hujan, hutan berdaun lebar, savana, dan pegunungan di Asia. Harimau dikenal dengan kecantikan dan kekuatan mereka, dengan tubuh yang besar, kepala yang kuat, dan belang-belang hitam unik di bulu jingga mereka.\r\nSalah satu ciri khas yang membedakan harimau dengan spesies kucing besar lainnya adalah keahlian mereka dalam berenang. Mereka sering terlihat berenang di sungai atau danau untuk mencari mangsa atau untuk berpindah dari satu tempat ke tempat lain. Harimau juga adalah pemburu yang hebat, dengan kemampuan melompat dan mengejar mangsa dengan kecepatan hingga 60 km/jam. Mereka memakan berbagai jenis hewan, termasuk rusa, babi hutan, kijang, monyet, dan bahkan gajah muda di beberapa wilayah.\r\nSayangnya, harimau menghadapi ancaman yang serius terhadap kelangsungan hidup mereka. Perburuan ilegal, hilangnya habitat alaminya akibat perambahan manusia, dan konflik dengan manusia merupakan faktor-faktor utama penurunan populasi harimau. Organisasi konservasi dan pemerintah berupaya melindungi harimau melalui upaya pemantauan, perlindungan habitat, penegakan hukum, dan pendidikan masyarakat tentang pentingnya menjaga keberlanjutan populasi harimau.\r\nUpaya konservasi ini mencakup pembentukan taman nasional, peningkatan pengawasan terhadap perdagangan ilegal bagian tubuh harimau, serta kampanye pendidikan untuk meningkatkan kesadaran masyarakat tentang perlindungan harimau dan habitatnya. Meskipun situasinya masih kritis, upaya konservasi terus dilakukan untuk menjaga populasi harimau tetap ada di alam liar dan melindungi warisan yang berharga ini untuk generasi mendatang.'),
(88, 18, 'Kancil', 'c1ae73c85bcf2688959a.jpg', 'Kancil, atau Tragulus javanicus, adalah sejenis rusa kecil yang ditemukan di Asia Tenggara, termasuk Indonesia. Kancil memiliki tubuh kecil dengan tinggi sekitar 30-40 cm dan berat sekitar 4-6 kg. Mereka memiliki ciri khas berupa bulu berwarna cokelat kemerahan dengan bintik-bintik putih di bagian bawah tubuh. Kancil juga dikenal dengan tanduk kecil yang hanya dimiliki oleh jantan.\r\nKancil adalah hewan yang sangat lincah dan beradaptasi dengan baik di hutan-hutan tropis. Mereka memiliki kemampuan melompat yang tinggi dan dapat berlari dengan cepat untuk menghindari ancaman. Kancil adalah hewan herbivora dan makanannya terdiri dari daun, buah-buahan, dan tunas tumbuhan. Mereka juga memilih tempat persembunyian yang terlindungi, seperti semak belukar atau tumbuhan rendah, untuk menghindari predator.\r\nKancil memiliki peran penting dalam ekosistem hutan karena mereka membantu dalam penyebaran biji tumbuhan melalui kotorannya yang mengandung biji-biji yang tidak dicerna. Mereka juga merupakan sumber makanan bagi beberapa predator seperti harimau dan buaya. Namun, populasi kancil menghadapi ancaman dari hilangnya habitat akibat deforestasi dan perburuan ilegal. Upaya konservasi dilakukan untuk melindungi kancil, termasuk pembentukan taman-taman nasional dan upaya pengawasan terhadap perburuan ilegal.'),
(89, 18, 'Kanguru', '661b13f129d052ee5280.jpg', 'Kanguru adalah mamalia marsupial yang ditemukan di Australia. Mereka dikenal dengan ciri khasnya yaitu memiliki kaki belakang yang kuat dan panjang, serta kemampuan melompat yang luar biasa. Kanguru memiliki tubuh yang dilengkapi dengan ekor panjang, kepala kecil, dan telinga yang tajam. Mereka juga memiliki kantung di perut yang berfungsi sebagai tempat untuk mengembangkan dan merawat anak-anak mereka.\r\nKanguru umumnya hidup di padang rumput dan hutan terbuka di Australia. Mereka adalah hewan herbivora dan makanannya terdiri dari rumput, daun, dan tunas-tunas tumbuhan. Kanguru adalah hewan yang bersosialisasi dan biasanya hidup dalam kelompok yang disebut mob. Kelompok-kelompok ini terdiri dari beberapa betina dengan anak-anak mereka dan dipimpin oleh kanguru jantan yang dominan.\r\nKanguru adalah salah satu ikon Australia dan menjadi daya tarik wisata yang populer. Mereka juga memiliki peran penting dalam ekosistem, seperti penyebaran biji-bijian melalui kotorannya dan pengaruhnya terhadap vegetasi padang rumput. Namun, beberapa spesies kanguru menghadapi ancaman terhadap kelangsungan hidup mereka, termasuk perburuan ilegal dan hilangnya habitat akibat perubahan lingkungan. Upaya konservasi dilakukan untuk melindungi populasi kanguru, seperti pengaturan kuota perburuan yang ketat dan perlindungan habitat alaminya.'),
(90, 18, 'Kijang', '3789b8910ceef6889db4.jpg', '\r\nKijang adalah sejenis binatang yang termasuk dalam famili Cervidae atau keluarga rusa. Mereka dikenal dengan nama kijang, chevrotain, atau mouse deer dalam bahasa Inggris. Binatang kijang memiliki tubuh yang kecil dan anggun, dengan kaki ramping dan tanduk yang biasanya hanya dimiliki oleh jantan. Mereka ditemukan di berbagai wilayah Asia dan Afrika.\r\nKijang adalah binatang herbivora, yang berarti mereka hanya memakan tumbuhan. Mereka sering ditemukan di hutan-hutan tropis, hutan rawa, dan padang rumput. Kijang umumnya aktif pada malam hari dan tidur siang di tempat yang terlindung. Mereka adalah binatang yang pemalu dan hati-hati, seringkali sulit ditemukan atau diamati oleh manusia.\r\nSalah satu ciri khas binatang kijang adalah ukuran tubuh mereka yang kecil. Mereka adalah salah satu mamalia terkecil di dunia, dengan tinggi hanya sekitar 20-40 cm dan berat sekitar 1-10 kg. Warna bulu kijang bervariasi tergantung spesiesnya, mulai dari cokelat tua, cokelat muda, hingga abu-abu. Beberapa spesies kijang juga memiliki corak dan garis-garis yang khas pada tubuh mereka.\r\nKijang memiliki kemampuan melompat yang luar biasa. Meskipun tubuh mereka kecil, mereka mampu melompat hingga ketinggian 1,5-2 meter dan menjelajahi lingkungan mereka dengan lincah. Selain itu, mereka juga memiliki kecepatan yang cukup tinggi saat berlari untuk menghindari bahaya.\r\nMeskipun ukurannya kecil, kijang memiliki peranan penting dalam ekosistem. Mereka membantu menyebarkan benih tanaman dengan cara memakan buah dan menjatuhkannya di tempat lain melalui feses mereka. Mereka juga menjadi mangsa bagi predator seperti harimau, singa, ular, dan beberapa jenis burung pemangsa.\r\nSecara keseluruhan, binatang kijang adalah makhluk yang menarik dan unik. Keanggunan, kecilnya ukuran tubuh, serta keterampilan melompatnya membuat mereka menarik perhatian banyak orang. Meskipun sering kali sulit ditemui di alam liar, kijang tetap menjadi salah satu hewan yang menarik untuk dipelajari dan dilestarikan.'),
(91, 18, 'Kudanil', '9b234d7b230a313161e6.jpg', 'Kudanil, juga dikenal sebagai badak sumbu, adalah mamalia besar yang hidup di daerah Asia Tenggara. Mereka adalah hewan herbivora dan merupakan salah satu jenis mamalia terbesar di dunia. Kudanil memiliki tubuh yang berotot, leher pendek, dan kulit yang tebal yang dilindungi oleh lempeng-lempeg tulang yang disebut &quot;armor&quot;. Kudanil juga memiliki ciri khas tanduk yang terletak di atas hidungnya yang disebut &quot;cakar badak&quot;.\r\nKudanil biasanya hidup di daerah rawa, hutan, atau daerah berair yang memiliki vegetasi yang cukup untuk memenuhi kebutuhan makanannya. Mereka memakan berbagai jenis tumbuhan, seperti rumput, daun, batang pohon, dan buah-buahan. Mereka juga memiliki kemampuan unik untuk berenang dengan baik dan sering kali ditemukan di dekat sungai, rawa, atau danau.\r\nSalah satu ciri khas yang membedakan kudanil dari badak lainnya adalah gigi taring yang cukup besar. Gigi-gigi ini tumbuh secara terus-menerus sepanjang hidup mereka dan membantu mereka dalam mencabik-cabik tumbuhan yang keras. Kudanil juga dikenal dengan sifat agresif dan melindungi wilayahnya dengan tegas, terutama jika merasa terancam.\r\nPopulasi kudanil mengalami penurunan yang signifikan dalam beberapa dekade terakhir karena perburuan ilegal dan hilangnya habitat alaminya. Mereka terancam punah dan dilindungi oleh hukum di banyak negara. Banyak upaya konservasi yang dilakukan untuk melindungi dan memulihkan populasi kudanil, termasuk pembentukan cagar alam, patroli anti-perburuan, dan kampanye kesadaran masyarakat.\r\nKudanil memiliki peran penting dalam ekosistem. Sebagai herbivora besar, mereka berkontribusi dalam penyebaran biji tumbuhan melalui feses mereka. Selain itu, mereka juga membantu dalam membentuk dan memelihara habitat rawa dan daerah berair dengan cara menghancurkan vegetasi yang padat dan menciptakan jalur-jalur air.\r\nSecara keseluruhan, kudanil adalah binatang yang menarik dan penting dalam ekosistem Asia Tenggara. Keunikan fisiknya, perilaku yang agresif, dan peran ekologisnya menjadikannya salah satu mamalia yang menarik untuk dipelajari dan dilindungi.'),
(92, 18, 'Musang', '0b5927f19fe085022d89.jpg', 'Musang adalah sejenis mamalia kecil yang termasuk dalam famili Viverridae. Musang memiliki ciri khas tubuh yang ramping dan lincah, dengan ekor yang panjang dan cakar yang tajam. Mereka memiliki beragam spesies yang ditemukan di berbagai wilayah di seluruh dunia, termasuk Asia, Afrika, dan Eropa.\r\nMusang dikenal dengan kebiasaan mereka yang omnivora, artinya mereka memakan baik tumbuhan maupun hewan kecil. Mereka memakan berbagai jenis makanan, seperti buah-buahan, serangga, burung, telur, dan bahkan kelelawar. Kebanyakan musang aktif pada malam hari dan memiliki indera penciuman yang tajam untuk mencari makanan.\r\nSalah satu spesies musang yang terkenal adalah musang luwak. Musang luwak dikenal karena kontribusinya dalam produksi kopi luwak, yaitu biji kopi yang diambil dari feses musang luwak yang telah mencerna biji kopi tersebut. Meskipun kontroversial, kopi luwak telah menjadi komoditas yang cukup terkenal di beberapa negara.\r\nMusang juga memiliki peran penting dalam ekosistem. Sebagai predator pemakan serangga, mereka membantu menjaga keseimbangan populasi serangga dalam suatu habitat. Beberapa spesies musang juga berperan sebagai penyerbuk tumbuhan saat mereka mengonsumsi nektar atau mengangkut serbuk sari pada tubuh mereka.\r\nSelain itu, beberapa spesies musang juga populer sebagai hewan peliharaan. Beberapa jenis musang, seperti musang jepang atau musang pandan, sering dipelihara sebagai hewan peliharaan eksotis. Namun, penting untuk dicatat bahwa memelihara musang sebagai hewan peliharaan memerlukan perhatian khusus dan pengetahuan yang baik tentang kebutuhan dan perilaku mereka.\r\nSecara keseluruhan, musang adalah binatang yang menarik dan memiliki peran penting dalam ekosistem. Keunikan mereka dalam makanan, perilaku, dan penampilan fisik menjadikannya objek penelitian dan minat bagi banyak orang.'),
(93, 18, 'Nilgai', '09700f6316f96ae48e42.jpg', 'Nilgai, juga dikenal sebagai hiran biru, adalah spesies antelop yang ditemukan di subbenua India dan Pakistan. Mereka merupakan mamalia herbivora yang memiliki ukuran tubuh yang cukup besar. Nilgai jantan memiliki tinggi bahu sekitar 1,2-1,5 meter dan berat mencapai 240-270 kg, sedangkan betina sedikit lebih kecil.\r\nNilgai memiliki ciri khas warna bulu yang berbeda antara jantan dan betina. Jantan memiliki bulu abu-abu kecokelatan yang gelap dengan cakar, tanduk, dan bulu yang lebih menonjol. Betina, di sisi lain, memiliki bulu kuning muda hingga cokelat keemasan dengan garis-garis putih yang terlihat pada tubuh dan wajah mereka.\r\nMereka hidup di padang rumput, sabana, hutan gugur, dan daerah bersemak yang terbuka. Nilgai adalah hewan yang berkelompok dan biasanya terlihat dalam kawanan yang terdiri dari betina dan anak-anak mereka. Jantan biasanya lebih soliter dan bisa menjadi agresif saat sedang dalam periode kawin.\r\nNilgai adalah herbivora yang memakan berbagai jenis tumbuhan, seperti rumput, daun, cabang, dan buah-buahan. Mereka juga dikenal memiliki kemampuan untuk beradaptasi dengan berbagai habitat dan iklim yang berbeda.\r\nNilgai memiliki peran penting dalam ekosistem. Sebagai hewan pemakan rumput, mereka membantu menjaga keseimbangan vegetasi dan menyebarkan benih tumbuhan melalui feses mereka. Mereka juga menjadi mangsa bagi predator seperti harimau, singa, dan serigala.\r\nNamun, populasi nilgai telah mengalami penurunan dalam beberapa tahun terakhir akibat hilangnya habitat alami mereka, perburuan ilegal, dan konflik dengan manusia. Upaya konservasi sedang dilakukan untuk melindungi dan memulihkan populasi nilgai, termasuk pendirian cagar alam, pengawasan terhadap perburuan ilegal, dan kampanye kesadaran masyarakat.\r\nSecara keseluruhan, nilgai adalah binatang yang menarik dan memiliki peran penting dalam ekosistem. Keunikan fisik mereka, pola kehidupan kelompok, serta kontribusi mereka dalam menjaga keseimbangan ekosistem membuat mereka menjadi subjek minat dan penelitian.\r\n\r\n\r\n\r\n\r\n'),
(94, 18, 'Orangutan', 'a4f60fb1a7419b083e38.jpg', '\r\nOrangutan adalah salah satu primata besar yang hidup di hutan-hutan tropis Sumatera dan Kalimantan, Indonesia, serta di beberapa bagian Malaysia. Mereka adalah salah satu hewan yang paling terkait secara genetik dengan manusia, dengan banyak persamaan dalam perilaku, fisik, dan struktur sosial. Orangutan memiliki tubuh yang besar dan kuat, dengan lengan yang panjang dan tangan yang kuat yang memungkinkan mereka untuk berayun di antara pepohonan dengan mudah.\r\nOrangutan terkenal dengan kecerdasan dan keterampilan mereka. Mereka adalah hewan yang sangat adaptif dan mampu menggunakan alat-alat sederhana, seperti menggunakan tongkat atau daun sebagai alat bantu mencari makanan atau mendapatkan air. Makanan utama orangutan adalah buah-buahan, tetapi mereka juga memakan daun, kulit kayu, dan serangga. Orangutan memiliki perut yang besar dan rumit yang memungkinkan mereka mencerna serat dan nutrisi dari makanan yang mereka konsumsi.\r\nSalah satu aspek yang menonjol dari kehidupan orangutan adalah pola sosial yang kompleks. Mereka hidup dalam kelompok-kelompok kecil yang dipimpin oleh satu atau beberapa jantan dewasa yang dominan. Betina dan anak-anak akan tetap bersama dalam kelompok ini selama beberapa tahun. Orangutan juga dikenal dengan kemampuan mereka untuk menggunakan alat dan berkomunikasi secara verbal dan nonverbal.\r\nSayangnya, populasi orangutan menghadapi ancaman yang serius akibat hilangnya habitat mereka, perburuan ilegal, dan perdagangan hewan liar. Orangutan termasuk dalam daftar spesies terancam punah, dan upaya konservasi dilakukan untuk melindungi mereka dan mempertahankan habitat hutan tropis yang penting bagi kelangsungan hidup mereka.\r\nOrangutan adalah makhluk yang memikat dan penting dalam ekosistem hutan tropis. Keunikan mereka dalam perilaku, kecerdasan, dan kemiripan dengan manusia menjadikan mereka objek penelitian yang menarik dan penting untuk dilestarikan. Perlindungan orangutan dan habitatnya menjadi penting untuk menjaga keanekaragaman hayati dan menjaga keseimbangan ekosistem hutan tropis.'),
(95, 18, 'Rusa Bawean', 'b11d23d32113580e71c0.jpg', ' \r\nRusa Bawean, atau dikenal juga sebagai rusa Kancil Bawean, adalah spesies rusa yang endemik di Pulau Bawean, Jawa Timur, Indonesia. Mereka merupakan salah satu hewan yang terancam punah dan hanya ditemukan di habitat terbatas di pulau tersebut. Rusa Bawean memiliki ukuran tubuh yang relatif kecil dibandingkan dengan spesies rusa lainnya. Jantan dewasa memiliki tinggi bahu sekitar 75-85 cm dan betina sedikit lebih kecil.\r\nSalah satu ciri khas Rusa Bawean adalah corak bulu pada tubuhnya. Jantan memiliki bulu berwarna cokelat tua yang terlihat kehitaman di beberapa bagian tubuhnya, sedangkan betina memiliki bulu berwarna cokelat kemerahan. Rusa Bawean juga memiliki tanduk pada jantan yang cenderung pendek dan bercabang.\r\nMereka biasanya hidup di hutan tropis lembab dan dataran rendah, termasuk hutan mangrove. Rusa Bawean adalah hewan herbivora dan memakan berbagai jenis tumbuhan, seperti rumput, daun, dan tunas. Mereka juga memiliki kemampuan berenang yang baik dan sering ditemukan di dekat perairan seperti sungai atau pantai.\r\nPopulasi Rusa Bawean menghadapi ancaman yang serius akibat perburuan ilegal dan hilangnya habitat alaminya. Upaya konservasi dilakukan untuk melindungi mereka, termasuk pembentukan cagar alam dan program pemuliaan dalam penangkaran. Rusa Bawean juga dilindungi oleh undang-undang Indonesia sebagai spesies yang terancam punah.\r\nRusa Bawean memiliki peran penting dalam menjaga keseimbangan ekosistem Pulau Bawean. Sebagai herbivora, mereka membantu dalam menyebarkan biji tumbuhan melalui feses mereka. Selain itu, mereka juga berkontribusi dalam rantai makanan sebagai mangsa bagi predator alami seperti harimau, kucing hutan, dan ular.\r\nSecara keseluruhan, Rusa Bawean adalah binatang yang unik dan penting dalam ekosistem pulau yang menjadi habitatnya. Keberadaan mereka menjadi penting untuk dilestarikan guna menjaga keanekaragaman hayati dan ekosistem yang seimbang di Pulau Bawean.\r\n\r\n                    '),
(96, 18, 'Rusa Timur', '6e338c772ea24857785e.jpg', 'Rusa Timur, juga dikenal sebagai rusa tutul atau rusa Cervus nippon, adalah spesies rusa yang berasal dari wilayah timur Asia, termasuk Jepang, Korea, dan Tiongkok. Mereka merupakan salah satu spesies rusa yang paling luas penyebarannya di dunia. Rusa Timur memiliki ukuran tubuh yang cukup besar, dengan tinggi bahu jantan dewasa mencapai sekitar 130-150 cm dan betina sedikit lebih kecil.\r\nCiri khas yang membedakan Rusa Timur adalah corak bulu mereka yang berbintik-bintik atau bercak-bercak. Bulu mereka memiliki warna yang bervariasi, mulai dari cokelat keabu-abuan, merah bata, hingga kekuningan. Jantan dewasa memiliki tanduk yang tumbuh setiap tahun dan bercabang, sementara betina biasanya tidak memiliki tanduk atau hanya memiliki tanduk yang sangat pendek.\r\nRusa Timur hidup di berbagai habitat, termasuk hutan, padang rumput, hingga pegunungan. Mereka adalah hewan herbivora dan memakan berbagai jenis tumbuhan, seperti rumput, daun, tunas, dan ranting. Mereka juga mampu beradaptasi dengan baik dalam lingkungan yang berbeda.\r\nPopulasi Rusa Timur cukup beragam dan memiliki beberapa subspesies. Beberapa subspesiesnya termasuk Rusa Timur Jepang, Rusa Timur Manchuria, dan Rusa Timur Taiwan. Beberapa subspesies ini terancam oleh perburuan ilegal dan hilangnya habitat alaminya. Namun, upaya konservasi telah dilakukan untuk melindungi dan memulihkan populasi mereka.\r\nRusa Timur memiliki peran penting dalam ekosistem. Sebagai herbivora, mereka berperan dalam menyebarkan biji tumbuhan melalui feses mereka. Selain itu, mereka juga menjadi bagian penting dalam rantai makanan sebagai mangsa bagi predator seperti harimau, beruang, dan serigala.\r\nSecara keseluruhan, Rusa Timur adalah spesies rusa yang menarik dan penting dalam ekosistem wilayah timur Asia. Keunikan corak bulu mereka, adaptasi habitat yang luas, dan peran ekologis mereka menjadikan mereka sebagai subjek penelitian dan konservasi yang penting.\r\n\r\n'),
(97, 18, 'Singa', 'e96731d4bfd58bcab4a4.jpg', 'Singa, yang memiliki nama ilmiah Panthera leo, adalah salah satu hewan karnivora terbesar dan paling terkenal di dunia. Mereka merupakan anggota keluarga kucing besar (Felidae) dan ditemukan di berbagai wilayah di Afrika dan beberapa bagian Asia. Singa jantan memiliki ukuran yang lebih besar daripada betina. Jantan dewasa dapat mencapai tinggi bahu sekitar 1,2-1,4 meter dan panjang tubuh mencapai 2-3 meter, serta berat badan yang bisa mencapai 150-250 kg.\r\nSalah satu ciri khas yang membedakan singa adalah rambut lebat yang terdapat di sekitar kepala jantan, dikenal sebagai jambul. Jambul ini memberikan penampilan yang mengesankan dan merupakan ciri seksual sekunder yang menunjukkan dominasi. Singa jantan juga memiliki cakar yang kuat dan gigi taring yang besar, yang digunakan untuk menyerang dan menggigit mangsanya.\r\nSinga hidup dalam kelompok sosial yang disebut kawanan. Kawanan singa terdiri dari beberapa betina, anak-anak mereka, dan satu atau beberapa jantan dewasa. Jantan dewasa memiliki peran penting dalam melindungi wilayah dan mempertahankan hak kawin. Betina biasanya bertanggung jawab dalam mencari makanan, sedangkan jantan terlibat dalam perlindungan dan pemertahanan kawanan dari ancaman.\r\nSinga adalah predator karnivora yang memiliki makanan utama berupa hewan-hewan herbivora besar seperti impala, zebra, dan kerbau. Mereka adalah pemburu yang terampil dan menggunakan strategi berburu secara tim untuk mengejar dan menyerang mangsanya. Singa juga dikenal sebagai hewan pemakan bangkai dan dapat memanfaatkan sisa-sisa mangsa yang ditemukan.\r\nMeskipun singa merupakan salah satu hewan terkenal di dunia dan sering dikaitkan dengan kekuatan dan kegagahan, populasi singa menghadapi ancaman serius akibat hilangnya habitat, perburuan ilegal, dan konflik dengan manusia. Upaya konservasi telah dilakukan untuk melindungi dan memulihkan populasi singa, termasuk pembentukan taman nasional, pengawasan terhadap perburuan ilegal, dan edukasi masyarakat.\r\nSecara keseluruhan, singa adalah binatang yang menakjubkan dan kuat dengan peran penting dalam ekosistem. Keunikan mereka dalam perilaku sosial, kemampuan berburu yang hebat, dan daya tarik estetika menjadikan mereka sebagai ikon kehidupan liar yang menarik perhatian banyak orang di seluruh dunia.'),
(98, 18, 'Tapir', 'c9a127e2672e4c6c7d9d.jpg', 'Tapir adalah hewan herbivora yang unik dan menarik, termasuk dalam famili Tapiridae. Mereka ditemukan di beberapa wilayah di Amerika Tengah dan Amerika Selatan, serta di beberapa pulau di Asia Tenggara. Tapir memiliki tubuh yang besar dan berbentuk seperti babi dengan hidung yang panjang dan fleksibel yang digunakan untuk mencari makanan. Ukuran tubuh tapir bervariasi tergantung pada spesiesnya, dengan panjang tubuh sekitar 1,8-2,5 meter dan tinggi bahu sekitar 0,7-1,2 meter. Tapir memiliki bulu yang kasar dan kaku dengan warna yang bervariasi, mulai dari cokelat kehitaman hingga abu-abu.\r\nSalah satu ciri khas tapir adalah adanya gumpalan daging yang menonjol di sekitar hidung mereka, yang dikenal sebagai &quot;cangkang&quot; atau &quot;belalai&quot;. Belalai ini berfungsi sebagai alat penjagaan makanan, membantu mereka memotong dan mengambil daun, buah, tunas, dan ranting dari pohon atau semak-semak. Tapir juga memiliki tubuh yang kuat dengan empat kaki pendek dan kuat, serta kuku tajam yang membantu mereka berjalan dan menggali di tanah.\r\nTapir adalah hewan yang aktif pada malam hari atau krepuskular, yang berarti mereka lebih aktif saat senja dan fajar. Mereka menghabiskan sebagian besar waktu mereka mencari makanan di hutan-hutan lebat dan daerah berair. Tapir adalah hewan soliter yang jarang terlihat dalam kelompok kecuali pada saat reproduksi atau ketika anak tapir masih bergantung pada induknya.\r\nPopulasi tapir menghadapi ancaman serius akibat perusakan habitat, perburuan ilegal, dan konflik dengan manusia. Beberapa spesies tapir, seperti tapir Brasil dan tapir Malaya, termasuk dalam daftar spesies terancam punah. Upaya konservasi dilakukan untuk melindungi dan memulihkan populasi tapir, termasuk melindungi habitat alaminya dan menghentikan perburuan ilegal.\r\nTapir memiliki peran penting dalam ekosistem sebagai pemakan tumbuhan dan penyebar biji. Mereka membantu menjaga keseimbangan vegetasi dan membantu dalam proses regenerasi hutan melalui penyebaran biji dalam kotorannya. Mereka juga menjadi mangsa bagi beberapa predator seperti harimau, jaguar, dan buaya.\r\nSecara keseluruhan, tapir adalah hewan yang menarik dan penting dalam keanekaragaman hayati. Keunikan mereka dalam penampilan, perilaku makan, dan peran ekologis mereka menjadikan mereka sebagai subjek penting dalam konservasi dan perlindungan lingkungan.'),
(99, 18, 'Tikus Sungai', 'cc9dabaae6942060cc2a.jpg', 'Tikus Sungai adalah hewan semi-akuatik yang menyebar di berbagai habitat perairan, termasuk sungai, danau, rawa-rawa, dan muara. Mereka memiliki adaptasi yang luar biasa untuk hidup di air, seperti kaki yang berbentuk seperti perenang, cakar yang kuat, dan bulu yang tahan air. Tikus Sungai juga memiliki kemampuan memperpanjang waktu tahan napas mereka di bawah air dengan menggunakan paru-paru yang fleksibel. Mereka memiliki indera peraba yang sensitif, yang membantu mereka mencari makanan di dalam air yang keruh dan gelap. Tikus Sungai merupakan hewan nokturnal, aktif pada malam hari, dan menggunakan rongga-rongga di tebing sungai atau sistem akar pohon sebagai tempat berlindung dan bersarang. Mereka juga dapat membentuk terowongan di tanah dekat sungai sebagai jalur berlindung. Tikus Sungai merupakan bagian penting dari rantai makanan air, sebagai mangsa bagi predator seperti ular air, burung pemangsa, dan mamalia air lainnya.'),
(100, 18, 'Watusi', '1ec93be603a68c2a513c.jpg', '\r\nWatusi, juga dikenal sebagai Ankole-Watusi, adalah salah satu spesies sapi yang memiliki tanduk yang sangat panjang dan mencolok. Mereka berasal dari daerah Afrika Timur, terutama Uganda, Rwanda, dan Burundi. Watusi memiliki ciri khas yang paling menonjol yaitu tanduknya yang bisa tumbuh hingga mencapai panjang luar biasa, bahkan melebihi 2 meter pada beberapa individu. Tanduk-tanduk tersebut memiliki bentuk melengkung yang indah dan merupakan salah satu tanda keindahan dalam budaya lokal. Selain itu, Watusi memiliki tubuh yang besar dengan ciri-ciri sapi pada umumnya, seperti tubuh berotot, kaki kuat, dan warna bulu yang bervariasi mulai dari cokelat tua hingga putih dengan bercak-bercak yang khas.\r\nWatusi adalah hewan yang adaptif dan tahan terhadap kondisi lingkungan yang keras, termasuk daerah gersang dan berbatu. Mereka sering ditemukan di padang rumput, savana, dan dataran tinggi. Watusi adalah herbivora yang makanannya terdiri dari rumput, daun, dan tunas pohon. Tanduk panjang yang dimiliki oleh Watusi bukan hanya sebagai dekorasi atau simbol keanggunan, tetapi juga memiliki fungsi dalam memanfaatkan sumber air yang jarang. Tanduk mereka berfungsi sebagai wadah penyimpanan air, sehingga mereka dapat bertahan lebih lama dalam kondisi kekeringan.\r\nWatusi memiliki nilai penting dalam budaya dan tradisi di wilayah asalnya. Tanduk mereka digunakan sebagai hiasan, alat musik, dan bahkan simbol status sosial. Dalam beberapa budaya, tanduk Watusi dianggap sebagai tanda kemakmuran dan kekuasaan. Namun, populasi Watusi di alam liar menghadapi ancaman akibat hilangnya habitat dan perburuan untuk diperolehnya tanduk yang spektakuler. Upaya konservasi dilakukan untuk melindungi dan mempertahankan populasi Watusi yang terancam.\r\nSecara keseluruhan, Watusi adalah spesies sapi yang menarik dengan ciri khas tanduk yang panjang dan indah. Keunikan mereka dalam penampilan dan adaptasi terhadap lingkungan yang keras menjadikan mereka sebagai objek minat budaya dan penting dalam upaya konservasi keanekaragaman hayati.');
INSERT INTO `service` (`id`, `facility_id`, `name`, `foto`, `detail`) VALUES
(101, 18, 'Zebra', '90340ae8625abddaa3c3.jpg', '\r\nZebra adalah mamalia herbivora yang terkenal dengan pola garis putih dan hitam yang mencolok pada tubuh mereka. Mereka termasuk dalam keluarga kuda (Equidae) dan ditemukan di beberapa bagian Afrika. Zebra memiliki tubuh yang proporsional dengan kaki panjang dan tubuh yang ramping. Pola garis pada setiap individu zebra unik dan dapat digunakan untuk mengidentifikasi mereka secara individu. Ada tiga spesies utama zebra: zebra bergaris (Equus quagga), zebra gunung (Equus zebra), dan zebra dataran (Equus burchellii).\r\nZebra memiliki adaptasi khusus untuk bertahan hidup di habitat yang keras dan penuh dengan pemangsa. Pola garis putih dan hitam mereka bertindak sebagai kamuflase, membingungkan predator dan membuatnya sulit bagi mereka untuk membedakan individu zebra dalam kelompok yang bergerak cepat. Mereka juga memiliki telinga yang besar dan sensitif, serta mata yang tajam, yang membantu dalam mendeteksi ancaman dan mempertahankan kewaspadaan.\r\nZebra adalah hewan herbivora yang menghabiskan sebagian besar waktu mereka mencari makanan di padang rumput. Mereka makan rumput, daun, dan ranting, serta menggunakan gigi yang kuat dan tajam untuk mengunyah makanan mereka. Zebra juga dikenal dengan kecepatan lari yang impresif, dengan kecepatan maksimum sekitar 65 km/jam. Mereka menggunakan kecepatan dan kecerdasan mereka untuk melarikan diri dari pemangsa, seperti singa dan hyena.\r\nZebra adalah hewan sosial yang hidup dalam kelompok yang disebut kawanan. Kawanan zebra terdiri dari beberapa betina, anak-anak mereka, dan satu atau beberapa jantan dewasa yang bertanggung jawab dalam melindungi kelompok dan mempertahankan hak kawin. Mereka berkomunikasi menggunakan suara seperti desisan, rengekan, dan panggilan khusus, serta gerakan tubuh dan ekspresi wajah.\r\nPopulasi zebra menghadapi ancaman dari hilangnya habitat, perburuan ilegal, dan konflik dengan manusia. Upaya konservasi telah dilakukan untuk melindungi dan memulihkan populasi zebra, termasuk pembentukan taman nasional dan perlindungan terhadap perdagangan ilegal. Zebra juga menjadi daya tarik wisata yang penting di beberapa taman nasional di Afrika, memberikan manfaat ekonomi bagi komunitas lokal.\r\nSecara keseluruhan, zebra adalah hewan yang menarik dengan pola garis yang mencolok dan adaptasi yang luar biasa. Keunikan mereka dalam perilaku sosial, adaptasi terhadap lingkungan, dan peran mereka dalam ekosistem menjadikan mereka sebagai salah satu ikon kehidupan liar Afrika yang paling dikenal dan dihormati.'),
(102, 18, 'Rubah Fennec', '33bbcf01bd13b6cec546.jpg', 'Rubah Fennec (Vulpes zerda) adalah mamalia yang menarik ditemukan di padang pasir Sahara di Afrika Utara dan sebagian kecil di Timur Tengah. Mereka memiliki penampilan yang unik dengan telinga besar dan panjang, bulu tebal berwarna pasir, dan ekor yang relatif panjang. Telinga besar mereka tidak hanya memberikan keindahan visual, tetapi juga berfungsi untuk membantu pendingaran tubuh dan membantu mendengar dengan lebih baik di lingkungan gurun yang keras.\r\nRubah Fennec dikenal sebagai hewan nokturnal yang aktif pada malam hari. Mereka memiliki adaptasi yang luar biasa untuk bertahan hidup di lingkungan gurun yang panas dan kering. Misalnya, bulu tebal mereka melindungi mereka dari panas terik siang hari dan mencegah kehilangan kelembapan. Selain itu, mereka memiliki kaki yang dilengkapi dengan bantalan tebal untuk melindungi mereka dari panas padang pasir saat berjalan.\r\nDalam hal makanan, Rubah Fennec adalah pemangsa yang terampil. Mereka memburu mangsa kecil seperti serangga, tikus padang pasir, kecebong, burung kecil, dan telur. Mereka juga mampu bertahan tanpa minum air dalam jangka waktu yang lama, karena mereka dapat memperoleh kelembaban yang cukup dari makanan mereka.\r\nSecara keseluruhan, Rubah Fennec adalah spesies yang menarik dengan adaptasi yang luar biasa terhadap kondisi gurun. Mereka adalah contoh yang menakjubkan tentang bagaimana hewan dapat beradaptasi dengan lingkungan yang keras dan mempertahankan kehidupan di habitat yang tampaknya tidak ramah.'),
(103, 18, ' Musang Bulan', '50bca02d09af7c00bf7a.jpg', 'Musang Bulan, juga dikenal sebagai Musang Rase atau Musang Pohon (Arctictis binturong), adalah mamalia yang menarik dan unik. Meskipun namanya mencakup kata &quot;musang,&quot; Musang Bulan sebenarnya bukan anggota keluarga musang. Mereka termasuk dalam keluarga Viverridae dan memiliki penampilan yang mencolok. Musang Bulan memiliki tubuh yang besar dengan bulu berwarna cokelat kehitaman dan ekor yang panjang. Salah satu ciri khas mereka adalah memiliki wajah yang mirip dengan beruang koala, dengan hidung besar dan mata bulat.\r\nMusang Bulan ditemukan di hutan-hutan tropis dan subtropis di Asia Tenggara, termasuk Indonesia, Malaysia, Thailand, dan Filipina. Mereka adalah hewan arboreal, yang berarti mereka menghabiskan sebagian besar waktu mereka di atas pohon. Adaptasi fisik mereka, seperti kuku yang kuat dan ekor yang prehensil, memungkinkan mereka untuk bergerak dengan lincah di atas dahan-dahan pohon.\r\nDalam hal makanan, Musang Bulan adalah hewan omnivora. Mereka memiliki diet yang beragam, termasuk buah-buahan, daun, tunas, telur, serangga, burung, mamalia kecil, dan bahkan bangkai. Mereka adalah hewan yang terutama aktif pada malam hari dan cenderung soliter dalam perilaku sosial.\r\nMusang Bulan memiliki peran penting dalam ekosistem sebagai pemencar biji. Mereka sering kali memakan buah-buahan yang besar dan mengeluarkan bijinya di tempat lain, membantu dalam penyebaran dan regenerasi tanaman. Namun, Musang Bulan menghadapi ancaman dari hilangnya habitat, perburuan ilegal, dan perdagangan satwa liar. Sebagai hasil dari itu, mereka termasuk dalam status konservasi yang rentan.\r\nMusang Bulan adalah spesies yang menarik dengan adaptasi yang unik untuk hidup di lingkungan hutan dan peran penting dalam ekosistem. Upaya konservasi dan perlindungan habitatnya sangat penting untuk memastikan kelangsungan hidup mereka di alam liar.'),
(104, 18, 'Sitatunga', 'f67fb2cce095a72d5bb7.jpg', 'Sitatunga (Tragelaphus spekii) adalah spesies antelope yang hidup di daerah rawa, daerah berawa, dan sungai-sungai yang tersedia di Afrika Tengah dan Afrika Selatan. Mereka memiliki adaptasi yang unik untuk lingkungan ini. Sitatunga memiliki kaki panjang dan ramping, serta kuku yang khusus beradaptasi untuk berjalan di atas tanah lumpur yang lunak dan berair. Mereka juga memiliki jari kaki yang dapat memanjang dan mengembang saat berjalan di atas vegetasi rawa yang padat, sehingga mereka dapat menjaga keseimbangan dan menghindari tenggelam.\r\nSalah satu ciri paling menonjol dari Sitatunga adalah kemampuannya untuk berenang dengan sangat baik. Mereka memiliki rambut yang berlapis, yang berfungsi sebagai isolasi dan membantu mereka tetap mengapung di air. Sitatunga sering kali bersembunyi di antara vegetasi air dan menyelam jika terancam. Kemampuan berenang ini juga membantu mereka dalam mencari makanan, seperti tunas tanaman air, rumput, dan daun-daunan yang tumbuh di dekat sungai atau rawa.\r\nSitatunga adalah herbivora dan memiliki diet yang terdiri dari berbagai jenis tanaman air dan vegetasi rawa. Mereka adalah hewan nokturnal yang aktif di malam hari dan awal pagi, sehingga mereka dapat menghindari predator dan memanfaatkan sumber makanan yang tersedia.\r\nSitatunga adalah spesies yang sangat tergantung pada habitat rawa dan daerah berawa yang lembap. Mereka menghadapi ancaman dari hilangnya habitat akibat penebangan hutan, drainase lahan basah, dan perburuan ilegal. Upaya konservasi penting untuk memastikan kelangsungan hidup Sitatunga dan perlindungan ekosistem rawa yang penting bagi banyak spesies lainnya.'),
(105, 18, 'Kelinci', '85e3970852f62e313a7a.jpg', ' Kelinci adalah mamalia kecil yang termasuk dalam keluarga Leporidae. Mereka ditemukan di berbagai habitat di seluruh dunia, mulai dari padang rumput hingga hutan dan pegunungan. Salah satu ciri paling mencolok dari kelinci adalah telinga panjang mereka. Telinga ini membantu dalam mendeteksi suara dan memberikan mereka kemampuan pendengaran yang sangat baik. Selain itu, mereka juga memiliki kaki belakang yang kuat, yang memungkinkan mereka untuk melompat dengan lincah dan cepat dalam menghindari bahaya.\r\nKelinci adalah hewan herbivora yang makanannya terdiri dari berbagai jenis tumbuhan. Mereka sering mengonsumsi rumput, daun, batang, dan tunas tanaman. Kelinci memiliki gigi depan yang tumbuh terus-menerus sepanjang hidup mereka. Hal ini memungkinkan mereka untuk mengunyah makanan dengan baik dan memastikan gigi mereka tetap terkikis oleh aktivitas mengunyah yang terus-menerus.\r\nKelinci memiliki sifat sosial yang bervariasi tergantung pada spesies dan lingkungan mereka. Beberapa spesies kelinci bersifat sosial dan hidup dalam kelompok yang disebut koloni, sementara yang lain lebih cenderung soliter. Mereka adalah hewan yang cukup cerdas dan dapat dilatih dengan baik, dan banyak orang menjadikan kelinci sebagai hewan peliharaan yang lucu dan ramah.\r\nKelinci juga memiliki peran ekologis yang penting. Mereka dapat berfungsi sebagai pemakan, penyebar biji-bijian, dan memberikan kontribusi dalam siklus nutrisi melalui ekskresi mereka. Namun, populasi kelinci dapat terkena ancaman seperti perburuan, hilangnya habitat, dan gangguan manusia.\r\nSecara keseluruhan, kelinci adalah mamalia yang menarik dengan ciri khas telinga panjang dan sifat herbivoranya. Mereka memiliki peran penting dalam ekosistem dan menjadi hewan peliharaan yang populer di seluruh dunia.'),
(106, 18, 'Common Marmoset ', '09ea6a92653959a6cec4.jpg', 'Common Marmoset (Callithrix jacchus) adalah spesies primata kecil yang ditemukan di hutan-hutan Brasil, serta beberapa daerah di Amerika Selatan seperti Peru dan Bolivia. Mereka termasuk dalam keluarga Callitrichidae, yang juga mencakup spesies monyet tamarin. Common Marmoset memiliki ciri-ciri khas, seperti tubuh kecil dengan panjang sekitar 20-30 cm dan ekor hampir sepanjang tubuhnya. Mereka memiliki bulu yang halus dengan warna dominan putih, cokelat, dan abu-abu, serta garis putih yang mencolok di sepanjang pipi mereka.\r\nCommon Marmoset adalah hewan yang sangat sosial dan hidup dalam kelompok keluarga yang terdiri dari pasangan induk dan keturunan mereka. Mereka memiliki sistem perawatan anak yang unik, di mana anggota kelompok lain membantu dalam merawat dan membesarkan bayi-bayi yang baru lahir. Selain itu, mereka memiliki kemampuan berkomunikasi yang kompleks melalui berbagai suara, gerakan tubuh, dan ekspresi wajah.\r\nDalam hal makanan, Common Marmoset adalah hewan omnivora. Mereka memakan serangga, kadal, burung kecil, telur, nektar bunga, serta buah-buahan dan getah pohon. Mereka menggunakan gigi tajam untuk mencari makanan dan juga mengunyah kulit pohon untuk mengakses getah yang mengandung nutrisi penting.\r\nCommon Marmoset sering menjadi objek penelitian dalam bidang ilmiah karena kemampuan mereka dalam mempelajari tugas-tugas kompleks dan fleksibilitas kognitif mereka. Namun, seperti banyak spesies primata lainnya, Common Marmoset juga menghadapi ancaman terhadap habitatnya akibat perusakan hutan dan perdagangan satwa liar.\r\nSecara keseluruhan, Common Marmoset adalah primata kecil yang menarik dengan perilaku sosial yang kompleks dan adaptasi khusus dalam mencari makanan. Mereka memainkan peran penting dalam ekosistem hutan Brasil dan menjadi subjek studi penting dalam penelitian primatologi.'),
(107, 18, 'Llama', '89d5843b75c28dc952ec.jpg', 'Llama (Lama glama) adalah mamalia yang berasal dari Amerika Selatan, terutama ditemukan di wilayah pegunungan Andes. Mereka adalah hewan ternak yang telah dijinakkan oleh manusia dan sering digunakan sebagai hewan pengangkut, pembawa barang, dan sumber daging, susu, dan bulu.\r\nLlama memiliki ciri khas tubuh yang besar, dengan tinggi rata-rata sekitar 1,7 meter dan berat mencapai 200 hingga 300 kilogram. Mereka memiliki kaki yang kuat dan tahan lama, serta telinga panjang dan berbentuk kerucut yang membantu mereka mendeteksi suara dari jarak jauh. Llama juga memiliki bulu yang tebal dan lembut, yang dapat beragam warna seperti putih, cokelat, abu-abu, atau hitam.\r\nLlama adalah hewan herbivora dan memakan berbagai jenis tumbuhan. Diet mereka terutama terdiri dari rumput, daun, tanaman rendah, dan lumut yang tumbuh di dataran tinggi Andes. Mereka memiliki sistem pencernaan khusus yang memungkinkan mereka untuk mencerna makanan kasar dan mendapatkan nutrisi dari lingkungan yang keras dan berkekurangan pakan.\r\nSelain kegunaan sebagai hewan ternak, Llama juga dikenal karena sifat mereka yang tenang, mudah dijinakkan, dan tahan terhadap kondisi lingkungan yang ekstrem. Mereka dapat menahan suhu dingin di pegunungan dan beradaptasi dengan ketinggian yang tinggi. Llama juga memiliki kemampuan berjalan di medan yang sulit, seperti lereng curam dan jalan setapak yang terjal.\r\nMeskipun populasi Llama cukup melimpah di sebagian besar wilayah Andes, beberapa subspesies Llama telah dikategorikan sebagai spesies yang rentan atau terancam punah. Ancaman terhadap Llama meliputi perburuan ilegal, hilangnya habitat alami, dan persaingan dengan hewan ternak domestik lainnya.\r\nSecara keseluruhan, Llama adalah mamalia yang unik dengan adaptasi yang luar biasa untuk hidup di pegunungan. Mereka memainkan peran penting dalam budaya dan kehidupan masyarakat di wilayah Andes, serta memberikan manfaat ekonomi dan sumber daya bagi manusia.'),
(108, 18, 'Berang-berang', 'ec2bfb9a0d803dd5423a.jpg', ' Berang-berang adalah mamalia yang termasuk dalam keluarga Mustelidae. Ada beberapa spesies berang-berang yang ditemukan di berbagai bagian dunia, seperti berang-berang Eurasia (Meles meles) di Eropa, berang-berang Amerika Utara (Castor canadensis) di Amerika Utara, dan berang-berang Asia (Aonyx cinerea) di Asia.\r\nBerang-berang memiliki tubuh yang panjang dan ramping dengan kaki pendek yang kuat. Mereka memiliki cakar yang tajam dan gigi yang kuat, yang sangat berguna saat mencari makanan di air dan menggali sarang mereka. Bulu berang-berang biasanya tebal dan halus, dengan warna yang bervariasi tergantung pada spesiesnya, seperti cokelat, hitam, atau keabu-abuan.\r\n\r\nBerang-berang adalah hewan semi-akuatik yang tinggal di dekat perairan seperti sungai, danau, rawa, atau pantai. Mereka sangat terampil dalam berenang dan menyelam, dengan kemampuan menyelam hingga beberapa menit untuk mencari makanan di bawah air. Berang-berang adalah pemakan karnivora dan makanannya terutama terdiri dari ikan, amfibi, krustasea, serangga air, dan mamalia kecil.\r\nSelain kemampuan berenang dan menyelam yang luar biasa, berang-berang juga terkenal karena aktivitasnya dalam membangun sarang dan bendungan air. Berang-berang membangun sarang untuk berteduh dan beristirahat, dan mereka juga membangun bendungan air yang dapat mencapai ukuran yang mengesankan. Bendungan air ini membantu menciptakan habitat yang sesuai bagi mereka dan juga mempengaruhi ekosistem lokal dengan menciptakan dan mempertahankan lingkungan perairan yang kaya.\r\nSayangnya, beberapa spesies berang-berang menghadapi ancaman terhadap kelangsungan hidup mereka. Perusakan habitat, perburuan ilegal, dan polusi air adalah faktor-faktor yang berkontribusi terhadap penurunan populasi berang-berang di beberapa daerah. Upaya konservasi dilakukan untuk melindungi spesies berang-berang dan habitat alaminya.\r\nSecara keseluruhan, berang-berang adalah mamalia yang menarik dengan adaptasi unik untuk hidup di lingkungan air. Mereka memainkan peran penting dalam ekosistem air, membantu mengendalikan populasi ikan, dan menciptakan lingkungan yang kaya bagi organisme air lainnya. Berang-berang juga menjadi objek ketertarikan dalam pengamatan alam dan penelitian ilmiah.'),
(109, 18, 'Wallaby', '2b455f205765bea59c05.jpg', 'Wallaby adalah mamalia yang termasuk dalam ordo Marsupialia. Marsupialia adalah kelompok mamalia yang ditandai dengan adanya kantung di perut betinanya, di mana anak-anak mereka berkembang setelah dilahirkan. Wallaby adalah anggota keluarga Macropodidae, yang juga mencakup kanguru dan wallaroo.\r\nWallaby memiliki tubuh yang relatif kecil dibandingkan dengan kanguru. Mereka memiliki ciri khas seperti tungkai belakang yang panjang dan kuat, ekor yang panjang, serta telinga yang besar. Adaptasi ini memungkinkan mereka untuk melompat dengan lincah dan cepat di sekitar lingkungan mereka.\r\nSeperti mamalia lainnya, wallaby adalah hewan endotermik, yang berarti mereka dapat menghasilkan panas internal dan mempertahankan suhu tubuh mereka secara konstan. Mereka juga memiliki rambut yang melindungi tubuh mereka dan menyediakan isolasi termal. Wallaby memiliki gigi-gigi yang berguna untuk mengunyah dan mencerna makanan mereka.\r\nWallaby adalah hewan herbivora, yang berarti mereka memakan tumbuhan. Diet mereka terdiri dari rumput, daun, batang, dan tunas. Mereka makan dengan cara menggigit dan merobek makanan dengan gigi mereka yang kuat. Makanan yang dikonsumsi wallaby akan dicerna dalam sistem pencernaan mereka yang kompleks.\r\nSecara umum, wallaby adalah contoh yang menarik dari mamalia marsupialia yang ada di Australia dan sebagian Asia. Mereka merupakan bagian penting dari ekosistem mereka dan berperan dalam penyebaran benih tanaman serta pemeliharaan keseimbangan ekologis.'),
(110, 18, 'Musang Hitam', 'f5a6350aadb954c64f42.jpg', 'Musang hitam, juga dikenal sebagai musang jawa (Paguma larvata), adalah sejenis mamalia yang termasuk dalam keluarga Viverridae. Mereka mendapatkan nama &quot;musang hitam&quot; dari warna bulunya yang gelap dan kehitaman. Musang hitam ditemukan di beberapa wilayah Asia, termasuk Tiongkok, India, Nepal, dan Asia Tenggara.\r\nMusang hitam memiliki tubuh yang ramping dengan panjang sekitar 40 hingga 55 cm, ditambah dengan ekor sepanjang tubuhnya. Mereka memiliki ciri khas seperti telinga yang lebar dan bulu ekor yang sangat panjang. Bulu musang hitam umumnya berwarna hitam gelap, tetapi beberapa individu juga memiliki bintik-bintik atau garis-garis putih di tubuhnya.\r\nMusang hitam adalah hewan nokturnal, yang berarti mereka aktif pada malam hari. Mereka memiliki kemampuan melompat dan memanjat yang baik, serta kemampuan berenang yang cukup baik. Musang hitam adalah hewan pemakan segala, yang berarti mereka memiliki diet yang beragam, termasuk serangga, mamalia kecil, burung, buah-buahan, dan biji-bijian.\r\nSecara sosial, musang hitam cenderung soliter dan menjaga wilayahnya sendiri. Mereka menggunakan kelenjar di sekitar anus mereka untuk meninggalkan jejak bau sebagai tanda kepemilikan wilayah. Musang hitam juga diketahui memiliki sikap defensif dan dapat menyemprotkan cairan berbau busuk sebagai mekanisme pertahanan ketika mereka merasa terancam.\r\nMusang hitam memiliki peran penting dalam ekosistem, terutama dalam pengendalian populasi serangga dan penyebaran biji-bijian melalui konsumsi buah-buahan. Namun, mereka juga menjadi target perdagangan ilegal dan perburuan karena bulu mereka yang indah. Keberlanjutan populasi musang hitam menjadi perhatian penting dalam menjaga keseimbangan ekosistem dan pelestarian spesies.'),
(111, 18, 'Jelarang', 'e81770ceae08ed26338f.jpg', 'Hewan jelarang, atau sering disebut juga sebagai hewan langka, adalah spesies hewan yang populasinya sangat terancam punah. Mereka biasanya memiliki persebaran geografis yang terbatas atau menghadapi ancaman serius terhadap habitat mereka. Kondisi ini membuat mereka menjadi sangat rentan terhadap kepunahan.\r\nHewan-hewan jelarang memiliki nilai ekologi yang sangat penting dalam menjaga keseimbangan ekosistem. Kehadiran mereka di lingkungan alami membantu menjaga keragaman hayati dan menyediakan layanan ekosistem yang berharga. Misalnya, hewan jelarang seperti harimau, gajah, dan badak memiliki peran kunci dalam menjaga struktur hutan dan mengatur populasi hewan lainnya. Ketika spesies ini terancam punah, ekosistem yang mereka huni dapat mengalami perubahan dramatis.\r\nFaktor-faktor utama yang menyebabkan hewan jelarang terancam punah adalah perusakan habitat, perburuan ilegal, perubahan iklim, dan perdagangan ilegal. Perusakan habitat melalui deforestasi, urbanisasi, dan perubahan penggunaan lahan menyebabkan hilangnya ruang hidup bagi hewan-hewan ini. Perburuan ilegal terjadi karena permintaan akan bagian tubuh hewan yang langka, seperti kulit, tanduk, atau tulang, yang digunakan dalam industri perdagangan ilegal. Selain itu, perubahan iklim juga dapat mempengaruhi kondisi lingkungan hidup mereka, seperti perubahan suhu, pola curah hujan, dan ketersediaan sumber daya makanan.\r\nUntuk melindungi hewan jelarang, upaya konservasi harus dilakukan secara serius. Ini melibatkan perlindungan habitat alami mereka, penegakan hukum yang ketat terhadap perburuan ilegal, pengurangan deforestasi, dan pengelolaan sumber daya alam secara berkelanjutan. Selain itu, edukasi dan kesadaran masyarakat juga penting untuk mengubah sikap dan perilaku terhadap perlindungan hewan jelarang. Dengan tindakan yang tepat, kita dapat berusaha memperbaiki keadaan dan menjaga keberlanjutan kehidupan hewan-hewan yang langka dan berharga ini di planet kita.'),
(112, 18, 'Kijang Muncak', '930efeb47091a8267395.jpg', 'Kijang muncak, atau dikenal juga sebagai kijang barking deer, adalah salah satu spesies kijang yang ditemukan di beberapa wilayah Asia Tenggara, termasuk Indonesia. Kijang muncak memiliki penampilan yang khas dengan tubuh yang kecil dan kaki yang relatif pendek. Mereka memiliki bulu yang berwarna cokelat kemerahan dengan pola bintik-bintik putih di bagian tubuhnya. Nama &quot;barking deer&quot; berasal dari suara serupa dengungan yang dihasilkan oleh kijang ini sebagai respons terhadap ancaman atau untuk berkomunikasi dengan anggota lainnya.\r\nKijang muncak merupakan hewan herbivora, yang biasanya memakan daun, pucuk-pucuk tanaman, dan buah-buahan. Mereka cenderung hidup di hutan-hutan lebat dan hutan bersemak, serta di daerah perbukitan yang memiliki sumber air yang cukup. Kijang muncak cenderung aktif pada malam hari (nokturnal), meskipun mereka juga bisa terlihat mencari makan di siang hari di daerah yang jarang terganggu oleh manusia.\r\nSeperti banyak spesies hewan lainnya, kijang muncak juga menghadapi berbagai ancaman terhadap kelangsungan hidupnya. Hilangnya habitat akibat deforestasi dan perambahan hutan merupakan ancaman serius bagi populasi kijang muncak. Selain itu, perburuan dan perdagangan ilegal juga menjadi masalah yang signifikan. Kijang muncak sering diburu untuk diambil dagingnya, dikuliti untuk kulitnya, atau ditangkap untuk tujuan perdagangan hewan liar.\r\nUntuk melindungi kijang muncak, upaya konservasi perlu dilakukan. Langkah-langkah seperti melindungi habitat alami mereka, penegakan hukum terhadap perburuan ilegal, serta meningkatkan kesadaran dan edukasi masyarakat tentang pentingnya menjaga keberlanjutan spesies ini dapat membantu memastikan kelangsungan hidup kijang muncak di masa depan. Selain itu, penting juga untuk menjaga keseimbangan ekosistem di mana kijang muncak hidup, karena peran mereka sebagai herbivora dapat berpengaruh pada struktur dan komposisi tumbuhan dalam ekosistem tersebut.'),
(113, 18, 'Landak', '2b6459f21fbe1629db36.jpg', 'Landak merupakan hewan mamalia yang memiliki ciri khas yang unik dan mudah dikenali. Mereka memiliki tubuh yang dilindungi oleh duri-duri yang keras dan tajam yang tumbuh dari bagian luar kulit mereka. Duri-duri ini berfungsi sebagai pertahanan yang efektif terhadap predator, karena landak dapat menggulungkan dirinya membentuk bola berduri yang sulit dijangkau oleh musuh. Selain itu, landak juga memiliki moncong yang panjang dengan hidung yang tajam, telinga yang kecil, dan mata yang relatif kecil.\r\nLandak ditemukan di berbagai wilayah di dunia, termasuk Asia, Afrika, dan Eropa. Mereka biasanya aktif pada malam hari (nokturnal) dan memakan berbagai jenis makanan seperti buah-buahan, akar, tunas-tunas tumbuhan, serangga, dan kadang-kadang juga kecil-kecilan seperti hewan laut.\r\nSalah satu spesies landak yang terkenal adalah landak eropah (Erinaceus europaeus), yang merupakan landak yang umum ditemui di Eropa. Spesies landak lainnya termasuk landak afrika (Atelerix), landak india (Hystrix indica), dan landak benggala (Acanthion bengalensis).\r\nMeskipun landak memiliki pertahanan yang kuat dengan duri-durinya, mereka juga menghadapi berbagai ancaman seperti perburuan, perusakan habitat, dan sering kali menjadi korban tabrakan dengan kendaraan. Beberapa upaya konservasi dilakukan untuk melindungi populasi landak, termasuk melarang perdagangan ilegal dan pelestarian habitat alami mereka.\r\nLandak merupakan hewan yang menarik dan penting dalam ekosistem. Mereka membantu mengendalikan populasi serangga dan hewan kecil lainnya, serta berperan dalam penyebaran benih tanaman melalui kotorannya. Dengan keunikan dan peran pentingnya, landak menjadi salah satu hewan mamalia yang menarik untuk dipelajari dan dilindungi.'),
(114, 20, 'Buaya', '50dfec72291f26fce0f3.jpg', 'Buaya adalah reptil air besar yang termasuk dalam keluarga Crocodylidae. Mereka memiliki penampilan yang khas dengan tubuh yang panjang, ekor yang besar, dan mulut yang lebar dengan gigi yang kuat. Buaya memiliki kulit bersisik yang tebal dan keras, yang melindungi mereka dari serangan dan lingkungan air yang keras.\r\n\r\nBuaya biasanya hidup di daerah berair seperti sungai, rawa, dan danau. Mereka tersebar di berbagai wilayah di dunia, terutama di daerah tropis dan subtropis. Buaya adalah hewan karnivora dan makanannya terdiri dari ikan, burung, mamalia kecil, dan kadang-kadang hewan-hewan yang lebih besar seperti rusa atau babi hutan.\r\n\r\nSalah satu ciri khas buaya adalah keahlian mereka dalam bersembunyi dan menunggu mangsa. Mereka seringkali berjemur di pinggir sungai atau rawa dengan hanya mata dan hidung yang terlihat di permukaan air. Ketika mangsa mendekat, buaya akan dengan cepat meluncur dan menyerang dengan menggunakan gigi dan kekuatan tubuh mereka yang besar. Buaya juga dapat berenang dengan sangat cepat dan bergerak di darat dengan kecepatan yang mengesankan.\r\n\r\nBuaya jantan umumnya lebih besar daripada buaya betina, dengan panjang tubuh mencapai 4-7 meter. Beberapa spesies buaya, seperti Buaya Nil dan Buaya Amerika, bahkan dapat mencapai ukuran yang lebih besar. Buaya juga dikenal dengan suara khas yang mereka hasilkan, yaitu &quot;berek-berek&quot;, yang digunakan untuk komunikasi antara sesama buaya.\r\n\r\nPopulasi buaya telah berkurang di banyak tempat karena hilangnya habitat dan perburuan manusia. Beberapa spesies buaya, seperti Buaya Nil, termasuk dalam daftar hewan yang terancam punah. Upaya konservasi dilakukan untuk melindungi buaya dan memastikan kelangsungan hidup mereka di alam liar.\r\n\r\nDalam budaya manusia, buaya sering kali dianggap sebagai simbol kekuatan dan keberanian. Mereka juga sering muncul dalam mitologi dan cerita rakyat di berbagai budaya di seluruh dunia.'),
(115, 20, 'Biawak', '5bc1701c0fe95eb8efd9.jpg', 'Biawak adalah jenis reptil yang termasuk dalam famili Varanidae. Mereka memiliki penampilan yang khas dengan tubuh yang panjang, ekor yang panjang pula, dan kulit yang dilapisi dengan sisik yang keras. Biawak adalah hewan karnivora dan sebagian besar spesiesnya adalah pemangsa yang tangkas.\r\n\r\nBiawak tersebar di berbagai belahan dunia, terutama di wilayah tropis dan subtropis. Mereka dapat ditemukan di berbagai habitat seperti hutan, padang rumput, gurun, dan daerah pesisir. Biawak memiliki adaptasi yang baik terhadap lingkungan yang berbeda dan memiliki kemampuan untuk berenang, memanjat, dan berlari dengan cepat.\r\n\r\nUkuran biawak bervariasi tergantung pada spesiesnya. Ada biawak yang kecil dengan panjang sekitar 20 cm, seperti biawak ekor bercabang, dan ada juga biawak yang besar dengan panjang bisa mencapai 3 meter atau lebih, seperti biawak Komodo yang terkenal. Biawak memiliki kepala yang relatif besar dengan mata yang tajam, dan mereka menggunakan indra penciuman dan penglihatan yang baik untuk mencari mangsa.\r\n\r\nMakanan biawak terdiri dari berbagai jenis mangsa, termasuk serangga, burung, mamalia kecil, telur hewan lain, serta kadang-kadang hewan yang lebih besar seperti kadal, ular, dan bahkan mamalia yang lebih besar seperti rusa atau babi hutan. Beberapa spesies biawak juga memiliki kemampuan untuk menggunakan racun atau bisa untuk mematikan mangsa mereka.\r\n\r\nBiawak juga dikenal dengan kecerdasan mereka. Mereka memiliki kemampuan belajar dan mengingat, serta menggunakan strategi untuk mendapatkan makanan dan melindungi diri dari predator. Biawak sering kali menggali lubang atau menggunakan gua sebagai tempat berlindung dan beristirahat.\r\n\r\nBeberapa spesies biawak, seperti biawak Komodo, termasuk dalam hewan yang terancam punah. Hilangnya habitat dan perburuan manusia menjadi ancaman serius bagi keberlangsungan hidup mereka. Upaya konservasi dilakukan untuk melindungi spesies biawak yang terancam punah dan mempertahankan keanekaragaman hayati di ekosistem di mana mereka hidup.\r\n\r\nBiawak juga sering menjadi objek ketertarikan dalam bidang ilmiah dan penelitian. Mereka memiliki kemampuan regenerasi yang luar biasa, yaitu kemampuan untuk memperbarui atau mengganti bagian tubuh yang hilang atau rusak, seperti ekor. Kemampuan ini telah menarik minat para ilmuwan untuk mempelajari proses regenerasi dalam upaya untuk memahami lebih lanjut tentang potensi penyembuhan dan regenerasi pada manusia.\r\n\r\nDalam budaya dan mitologi di beberapa tempat, biawak dianggap sebagai hewan yang memiliki makna simbolis. Mereka sering kali dikaitkan dengan kekuatan, kebijaksanaan, atau kadang-kadang dianggap sebagai makhluk mistis.'),
(116, 20, 'Ular Sanca', 'edb714b32cae2bc088b1.jpg', ' Ular Sanca adalah istilah yang umum digunakan untuk mengacu pada spesies ular Boa constrictor, yang juga dikenal sebagai Ular Konstriktor. Ular Sanca adalah salah satu jenis ular besar yang terkenal dengan kemampuan mereka dalam meremas dan menyumbat mangsanya. Mereka adalah anggota keluarga Boidae dan merupakan spesies ular non-berbisa.\r\n\r\nCiri khas utama ular Sanca adalah ukurannya yang besar dan tubuhnya yang berotot. Mereka dapat tumbuh hingga panjang 2-4 meter, meskipun ada catatan yang melaporkan individu dengan panjang lebih dari 5 meter. Ular Sanca memiliki tubuh yang berbentuk silinder dengan kulit yang licin dan berwarna bervariasi, mulai dari cokelat, abu-abu, kuning, atau hijau dengan pola bintik-bintik atau garis-garis gelap.\r\n\r\nUlar Sanca adalah ular darat yang tersebar luas di Amerika Tengah, Amerika Selatan, dan beberapa pulau di Karibia. Mereka hidup di berbagai habitat, termasuk hutan hujan, savana, rawa-rawa, dan daerah bersemak. Ular Sanca adalah hewan karnivora dan memangsa berbagai jenis mangsa, termasuk mamalia kecil, burung, dan reptil. Mereka menggunakan metode penangkapan mangsa dengan meremas dan menyumbat, di mana mereka melilitkan tubuh mereka secara kuat mengelilingi mangsa dan mempersempitnya untuk mencekik dan mencegah pernapasan.\r\n\r\nMeskipun Ular Sanca memiliki reputasi sebagai predator yang kuat, mereka umumnya tidak berbahaya bagi manusia jika diperlakukan dengan hati-hati dan dengan kecakapan yang tepat. Mereka bukan ular berbisa dan jarang menyerang manusia kecuali dalam situasi yang dianggap sebagai ancaman. Ular Sanca umumnya cenderung menghindari interaksi dengan manusia dan lebih memilih untuk menghindar atau bersembunyi.\r\n\r\nUlar Sanca juga populer sebagai hewan peliharaan, terutama di kalangan pecinta reptil. Namun, memelihara Ular Sanca sebagai hewan peliharaan membutuhkan pengetahuan dan tanggung jawab yang baik. Mereka membutuhkan lingkungan yang sesuai, seperti kandang yang cukup besar, suhu yang stabil, dan pemberian makanan yang tepat.\r\n\r\nPenting untuk diingat bahwa Ular Sanca adalah hewan liar yang memerlukan perawatan yang baik dan pengetahuan tentang kebutuhan mereka. Sebelum memutuskan untuk memeliharanya, pastikan untuk memahami kewajiban dan persyaratan yang terkait dengan pemeliharaan ular ini'),
(117, 20, 'Anaconda', '674944e6b3dc79fd7fb9.jpg', 'Anaconda adalah jenis ular yang terkenal karena ukurannya yang besar dan kemampuannya sebagai pemburu yang tangkas di lingkungan air. Secara ilmiah, Anaconda merujuk pada beberapa spesies ular boa yang termasuk dalam genus Eunectes. Ada empat spesies yang diakui: Anaconda Hijau (Eunectes murinus), Anaconda Kuning (Eunectes notaeus), Anaconda Timor (Eunectes timoriensis), dan Anaconda Beni (Eunectes beniensis).\r\n\r\nAnaconda Hijau (Eunectes murinus) adalah spesies anaconda terbesar dan terkenal. Mereka dapat tumbuh hingga panjang lebih dari 6 meter, meskipun ada catatan yang melaporkan individu dengan panjang hingga 8-9 meter. Anaconda Hijau memiliki tubuh yang kuat, silinder, dan berat dengan kulit berwarna hijau kecokelatan dengan bercak-bercak hitam di tubuhnya.\r\n\r\nAnaconda adalah ular air dan habitatnya meliputi hutan rawa, sungai, dan rawa-rawa di Amerika Selatan. Mereka memiliki kemampuan berenang yang sangat baik dan sering kali menghabiskan sebagian besar hidupnya di dalam air. Anaconda menggunakan tubuhnya yang kuat dan otot-otot yang besar untuk berburu dan memangsa mangsanya, termasuk ikan, burung air, mamalia kecil, dan reptil lainnya.\r\n\r\nAnaconda adalah ular konstriktor, yang berarti mereka menyerang mangsa dengan meremas dan mencekiknya hingga mati sebelum menelannya secara utuh. Mereka memiliki rahang yang dapat meregang secara luar biasa untuk menampung mangsa yang besar. Setelah memangsa mangsa, mereka membutuhkan waktu yang cukup lama untuk mencerna makanan tersebut sebelum mencari mangsa baru.\r\n\r\nAnaconda adalah hewan yang berperan penting dalam ekosistem rawa-rawa karena mereka adalah predator puncak. Namun, populasi anaconda terancam oleh perburuan untuk kulit dan kehilangan habitat akibat aktivitas manusia.\r\n\r\nAnaconda sering menjadi subjek populer dalam budaya pop dan legenda. Ukuran dan reputasi mereka sebagai pemangsa yang kuat telah menciptakan berbagai cerita mitos tentang kekuatan mereka. Namun, penting untuk memahami bahwa Anaconda secara alami enggan untuk menyerang manusia dan umumnya menghindari interaksi dengan mereka.'),
(118, 20, 'Bunglon Jawa', 'c27b5556b7a54ae2395a.jpg', 'Bunglon Jawa, yang juga dikenal dengan nama ilmiah Bronchocela jubata, adalah spesies bunglon yang endemik di Pulau Jawa, Indonesia. Bunglon Jawa adalah salah satu spesies bunglon yang paling umum dan ditemukan di berbagai habitat di Jawa, termasuk hutan, perkebunan, dan area perkotaan.\r\n\r\nBunglon Jawa memiliki ukuran tubuh yang cukup besar untuk ukuran bunglon pada umumnya. Panjang tubuh mereka dapat mencapai sekitar 30 cm, dengan sebagian besar panjangnya diwakili oleh ekor yang panjang dan ramping. Bunglon Jawa memiliki tubuh yang ramping dan kepala yang agak lonjong.\r\n\r\nWarna dasar bunglon Jawa umumnya hijau cerah, dengan variasi warna yang lebih gelap di sepanjang punggung. Pada beberapa individu, ada pola belang-belang atau bercak-bercak kuning atau cokelat yang melintasi tubuh mereka. Selain itu, mereka memiliki garis-garis gelap di sepanjang sisi tubuh dan ekor yang membantu mereka menyamar di antara vegetasi.\r\n\r\nSeperti halnya bunglon pada umumnya, bunglon Jawa juga memiliki kemampuan untuk mengubah warna kulit mereka. Perubahan warna mereka dapat dipengaruhi oleh faktor-faktor seperti suhu, pencahayaan, suasana hati, dan lingkungan sekitar. Namun, perubahan warna pada bunglon Jawa cenderung tidak sebanyak atau secepat spesies bunglon lain yang lebih terkenal, seperti bunglon hijau (chameleon).\r\n\r\nBunglon Jawa adalah hewan arboreal, yang berarti mereka lebih sering ditemukan di atas pepohonan daripada di tanah. Mereka memiliki cakar yang kuat dan ujung jari yang menyerupai cakar yang membantu mereka memanjat dan berpegangan pada dahan dan ranting. Bunglon Jawa juga memiliki ekor yang panjang dan fleksibel, yang berguna untuk menjaga keseimbangan saat bergerak di antara cabang-cabang pohon.\r\n\r\nBunglon Jawa adalah hewan karnivora dan makanannya terutama terdiri dari serangga dan invertebrata kecil lainnya. Mereka menggunakan lidah yang panjang dan lengket untuk menangkap mangsa mereka dengan cara menjulurkannya secara cepat.\r\n\r\nBunglon Jawa memiliki peran penting dalam ekosistem sebagai predator yang mengontrol populasi serangga dan invertebrata kecil lainnya. Namun, seperti kebanyakan spesies hewan, mereka juga rentan terhadap hilangnya habitat dan perburuan yang berlebihan.'),
(119, 20, 'Bunglon Veiled', 'db9d6155143d95948f17.jpg', 'Bunglon Veiled, juga dikenal sebagai Chamaeleo calyptratus, adalah salah satu spesies bunglon yang paling populer di kalangan pemelihara hewan peliharaan. Mereka mendapatkan nama &quot;Veiled&quot; karena adanya crests atau mahkota yang terletak di kepala jantan dewasa. Bunglon Veiled berasal dari wilayah pegunungan di Yaman dan Arab Saudi.\r\n\r\nBunglon Veiled memiliki ukuran tubuh yang cukup besar untuk spesies bunglon, dengan panjang mencapai sekitar 35-60 cm. Jantan biasanya lebih besar daripada betina, dan mereka memiliki crests yang lebih menonjol di kepala dan bagian belakang tubuh yang dapat mereka tampilkan untuk menarik perhatian betina atau sebagai tanda ancaman.\r\n\r\nWarna tubuh bunglon Veiled sangat bervariasi dan dapat berubah-ubah sesuai dengan suasana hati, lingkungan, dan suhu. Pada kondisi normal, mereka memiliki warna dasar hijau dengan corak belang-belang yang lebih gelap, kuning, atau cokelat. Bunglon Veiled juga dapat mengubah warna tubuh mereka untuk menyesuaikan diri dengan lingkungan sekitar atau untuk menunjukkan emosi, seperti stres, kegembiraan, atau ancaman.\r\n\r\nBunglon Veiled adalah hewan arboreal, yang berarti mereka lebih sering ditemukan di atas pepohonan daripada di tanah. Mereka memiliki kaki yang kuat dengan cakar yang memungkinkan mereka untuk memanjat dan berpegangan pada permukaan yang berbeda. Bunglon Veiled juga memiliki ekor yang panjang, yang membantu mereka menjaga keseimbangan saat bergerak di antara cabang-cabang pohon.\r\n\r\nBunglon Veiled adalah hewan karnivora dan makanan mereka terdiri dari berbagai jenis serangga, seperti belalang, jangkrik, ulat, dan kupu-kupu. Dalam penangkaran, mereka juga diberi makan dengan makanan tambahan berupa serangga lainnya, seperti ulat sutra atau kecoa.\r\n\r\nSebagai hewan peliharaan, bunglon Veiled memerlukan perawatan khusus untuk memastikan kesehatan dan kesejahteraan mereka. Mereka membutuhkan kandang yang cukup besar dengan perlengkapan yang sesuai, termasuk ranting dan tanaman tiruan untuk bersembunyi dan memanjat. Suhu dan kelembaban juga harus dipantau dengan baik di dalam kandang mereka.\r\n\r\nPenting untuk diingat bahwa bunglon Veiled adalah hewan yang memerlukan tanggung jawab dan perhatian yang baik. Memahami kebutuhan mereka dan memberikan lingkungan yang sesuai sangat penting untuk menjaga kesehatan dan kebahagiaan mereka.'),
(120, 20, 'Bunglon Panther', '637012c36a3b46efdd58.jpg', 'Bunglon Panther, juga dikenal sebagai Furcifer pardalis, adalah salah satu spesies bunglon yang populer sebagai hewan peliharaan. Mereka dikenal dengan nama &quot;Panther&quot; karena penampilan mereka yang elegan dan warna yang mencolok, mirip dengan pola dan keindahan panther. Bunglon Panther berasal dari pulau Madagaskar dan pulau-pulau sekitarnya.\r\n\r\nBunglon Panther memiliki ukuran tubuh yang relatif besar untuk spesies bunglon, dengan panjang mencapai sekitar 30-50 cm. Mereka memiliki tubuh yang ramping dengan ekor yang panjang dan cakar yang kuat untuk memanjat dan berpegangan pada permukaan yang berbeda.\r\n\r\nWarna dan pola tubuh bunglon Panther sangat bervariasi tergantung pada daerah asalnya dan variasi genetiknya. Ada banyak variasi warna yang tersedia, termasuk hijau, biru, merah, oranye, kuning, dan bahkan warna-warna yang langka seperti biru elektrik dan merah muda. Mereka juga memiliki pola dan bintik-bintik yang menarik di tubuh mereka.\r\n\r\nSeperti halnya spesies bunglon lainnya, bunglon Panther memiliki kemampuan mengubah warna kulit mereka untuk menyesuaikan diri dengan lingkungan sekitar atau menunjukkan emosi tertentu. Perubahan warna pada bunglon Panther sering kali mencerminkan keadaan fisiologis dan suasana hati mereka.\r\n\r\nBunglon Panther adalah hewan arboreal dan lebih sering ditemukan di atas pepohonan daripada di tanah. Mereka memiliki kemampuan memanjat yang baik dengan kaki yang kuat dan cakar yang berguna. Bunglon Panther juga memiliki lidah yang panjang dan lengket yang mereka gunakan untuk menangkap mangsa, seperti serangga dan larva.\r\n\r\nSebagai hewan peliharaan, bunglon Panther membutuhkan perawatan yang cermat untuk memastikan kesehatan dan kesejahteraan mereka. Mereka memerlukan kandang yang cukup besar dengan berbagai perlengkapan, seperti ranting, tanaman tiruan, dan tempat bersembunyi. Suhu, kelembaban, dan pencahayaan yang tepat juga sangat penting untuk menjaga keseimbangan termal dan kesehatan bunglon Panther.\r\n\r\nPerlu diingat bahwa bunglon Panther adalah hewan yang memerlukan perhatian dan tanggung jawab yang baik. Pemilik harus memahami kebutuhan khusus mereka dan menyediakan lingkungan yang sesuai agar mereka dapat hidup dengan nyaman.'),
(121, 20, 'Bunglon Jackson', 'b5eb978d4e2bcfef6341.jpg', 'Bunglon Jackson, juga dikenal sebagai Trioceros jacksonii, adalah salah satu spesies bunglon yang menarik dan populer sebagai hewan peliharaan. Mereka diberi nama &quot;Jackson&quot; untuk menghormati ahli herpetologi Inggris, Frederick John Jackson, yang melakukan ekspedisi ke Afrika Timur pada abad ke-19.\r\n\r\nBunglon Jackson berasal dari daerah pegunungan di Kenya dan Tanzania, di sekitar Danau Victoria. Mereka memiliki ukuran tubuh yang sedang, dengan panjang tubuh jantan mencapai sekitar 25-30 cm, sementara betina cenderung lebih kecil. Mereka memiliki tubuh yang ramping dengan ekor yang panjang dan cakar yang kuat.\r\n\r\nBunglon Jackson memiliki pola dan warna yang unik di tubuh mereka. Mereka umumnya memiliki warna dasar hijau dengan pola dan bercak-bercak yang menarik, seperti warna kuning, oranye, merah, atau biru. Pola dan warna tubuh bunglon Jackson dapat berbeda-beda antara individu, dan warna mereka juga dapat berubah-ubah tergantung pada suhu, lingkungan, atau suasana hati.\r\n\r\nSeperti halnya bunglon lainnya, bunglon Jackson juga memiliki kemampuan mengubah warna tubuh mereka. Ini dapat digunakan untuk beradaptasi dengan lingkungan sekitar, mengatur suhu tubuh, atau sebagai komunikasi dengan bunglon lain. Perubahan warna pada bunglon Jackson terjadi melalui perubahan pada sel-sel pigmen di kulit mereka.\r\n\r\nBunglon Jackson adalah hewan arboreal yang hidup di pepohonan. Mereka memiliki kaki yang kuat dengan cakar yang berguna untuk memanjat dan berpegangan pada dahan dan ranting. Bunglon Jackson juga memiliki lidah yang panjang dan lengket yang mereka gunakan untuk menangkap mangsa, seperti serangga, ulat, dan larva.\r\n\r\nSebagai hewan peliharaan, bunglon Jackson membutuhkan perawatan yang cermat. Mereka memerlukan kandang yang cukup besar dengan perlengkapan yang sesuai, seperti ranting, tanaman tiruan, dan tempat bersembunyi. Suhu, kelembaban, dan pencahayaan yang tepat juga harus diperhatikan untuk menjaga kesehatan dan kesejahteraan bunglon Jackson.\r\n\r\nPenting untuk diingat bahwa bunglon Jackson adalah hewan yang membutuhkan penanganan yang hati-hati dan pemeliharaan yang tepat. Mereka juga memerlukan makanan yang sesuai dengan diet serangga dan suplemen vitamin dan mineral yang diperlukan.'),
(122, 20, 'Bunglon Senegal ', '9aa5aec05fad1bf36824.jpg', 'Bunglon Senegal, yang juga dikenal dengan nama ilmiah Chamaeleo senegalensis, adalah salah satu spesies bunglon yang ditemukan di wilayah Afrika Barat, termasuk Senegal. Mereka merupakan bunglon yang relatif kecil dengan panjang tubuh jantan biasanya mencapai sekitar 20-25 cm, sedangkan betina cenderung lebih kecil.\r\n\r\nBunglon Senegal memiliki penampilan yang khas dengan tubuh yang ramping dan ekor yang panjang. Warna dan pola tubuh mereka dapat bervariasi tergantung pada jenis kelamin, usia, dan kondisi lingkungan. Bunglon jantan umumnya memiliki warna yang lebih cerah dengan pola belang-belang yang kontras, sementara betina cenderung memiliki warna yang lebih redup.\r\n\r\nSeperti halnya bunglon lainnya, Bunglon Senegal memiliki kemampuan mengubah warna kulit mereka untuk menyesuaikan diri dengan lingkungan sekitar atau menunjukkan emosi tertentu. Perubahan warna ini terjadi melalui perubahan pada sel-sel pigmen di kulit mereka.\r\n\r\nBunglon Senegal adalah hewan arboreal, yang berarti mereka lebih sering ditemukan di atas pepohonan daripada di tanah. Mereka memiliki kaki yang kuat dengan cakar yang berguna untuk memanjat dan berpegangan pada dahan dan ranting. Bunglon Senegal juga memiliki lidah yang panjang dan lengket yang mereka gunakan untuk menangkap mangsa, seperti serangga dan larva.\r\n\r\nSebagai hewan peliharaan, Bunglon Senegal membutuhkan perawatan yang cermat. Mereka memerlukan kandang yang cukup besar dengan perlengkapan yang sesuai, seperti ranting, tanaman tiruan, dan tempat bersembunyi. Suhu, kelembaban, dan pencahayaan yang tepat juga harus diperhatikan untuk menjaga kesehatan dan kesejahteraan mereka.'),
(123, 20, 'Kadal Air Jambul Berkutil', 'b830fe1085254c9c1717.jpg', 'Kadal Air Jambul Berkutil (Triturus cristatus) adalah spesies kadal air yang unik dan menarik. Mereka dikenal dengan sebutan &quot;kadal air jambul besar&quot; karena memiliki punggung yang bergerigi pada pejantan dewasa.\r\n\r\nKadal Air Jambul Berkutil memiliki tubuh yang lebih besar dibandingkan dengan spesies kadal air lainnya. Panjang tubuh betina dapat mencapai 16 cm, sedangkan pejantan dewasa biasanya mencapai 13,5 cm. Tubuh mereka dilapisi dengan kulit kasar berwarna cokelat tua, dengan bintik-bintik hitam dan putih yang tebal di sisi-sisinya.\r\n\r\nPerbedaan antara pejantan dan betina terletak pada jambul yang dimiliki oleh pejantan dewasa. Jambul tersebut bisa tumbuh hingga 1,5 cm dan terlihat bergerigi di bagian belakang, tetapi lebih halus di bagian ekor. Betina tidak memiliki jambul dan memiliki corak tubuh yang berbeda.\r\n\r\nKadal Air Jambul Berkutil dapat ditemukan di Benua Eropa. Mereka biasanya hidup di hutan gugur, rumpun, dan kadang-kadang di hutan konifer. Mereka juga bisa hidup di semak belukar, tumbuhan pagar, dan padang rumput berawa. Selama musim berkembang biak, mereka memilih perairan tenang seperti kolam air besar, parit, saluran danau, atau kolam taman sebagai habitat sekunder mereka.\r\n\r\nSeperti kadal air lainnya, Kadal Air Jambul Berkutil menghabiskan sebagian besar waktu hidupnya di darat. Namun, saat musim berkembang biak, mereka kembali ke perairan untuk bertelur dan menghabiskan tahap awal hidup mereka sebagai larva dalam air sebelum bermetamorfosis menjadi bentuk dewasa yang hidup di darat.\r\n\r\nKadal Air Jambul Berkutil memiliki kehidupan yang cukup panjang, dengan usia dewasa mencapai sekitar 25 tahun di alam liar. Mereka adalah hewan pemakan invertebrata air, seperti serangga air, larva nyamuk, kecebong, dan katak kecil.\r\n\r\nSpesies ini memiliki distribusi yang luas di Eropa, termasuk Inggris, Ukraina, Swiss, Swedia, Rusia, Belanda, Jerman, dan Austria. Populasi mereka di alam liar dipengaruhi oleh faktor-faktor seperti hilangnya habitat, polusi air, dan perubahan iklim. Oleh karena itu, pelestarian habitat alami mereka menjadi penting untuk menjaga keberlangsungan populasinya.');
INSERT INTO `service` (`id`, `facility_id`, `name`, `foto`, `detail`) VALUES
(124, 20, 'Ular Reticulated Python', 'feb455409971bf16f4ba.jpg', 'Ular Reticulated Python, atau dikenal juga dengan sebutan Ular Sanca Retic atau Sanca Batik (Python reticulatus), adalah salah satu spesies ular terbesar di dunia dan merupakan anggota keluarga Pythonidae. Ular ini dikenal dengan nama &quot;reticulated&quot; karena pola sisik-sisiknya yang berbentuk jala atau batik yang khas.\r\n\r\nUlar Reticulated Python memiliki tubuh yang panjang dan ramping. Panjangnya bisa mencapai 6 hingga 10 meter, dengan ukuran yang lebih besar biasanya ditemukan pada betina. Mereka memiliki kepala yang relatif kecil dengan mulut yang dapat membuka sangat lebar. Warna tubuhnya bervariasi, mulai dari cokelat tua, hitam, hingga kuning keemasan, dengan pola batik yang khas di seluruh tubuhnya.\r\n\r\nUlar Reticulated Python memiliki habitat yang luas dan dapat ditemukan di berbagai tipe lingkungan seperti hutan, semak belukar, daerah rawa, dan kadang-kadang di dekat pemukiman manusia. Mereka tersebar di wilayah Asia Tenggara, termasuk Indonesia, Malaysia, Filipina, dan Thailand.\r\n\r\nUlar Reticulated Python adalah pemangsa yang kuat dan umumnya memangsa mamalia seperti rusa, babi hutan, monyet, dan kadang-kadang bahkan babi hutan yang lebih besar. Mereka adalah ular piton yang tidak berbisa, namun kemampuan mereka untuk mencekik mangsa dengan kuat membuat mereka sangat efektif dalam berburu dan melumpuhkan mangsa mereka.\r\n\r\nPerilaku reproduksi ular Reticulated Python dapat bervariasi tergantung pada populasi dan habitatnya. Biasanya, betina akan menghasilkan sejumlah telur yang diletakkan dalam sarang yang dibuatnya sendiri. Telur-telur tersebut akan ditinggalkan untuk menetas secara alami. Setelah menetas, anak ular akan mandiri dan mencari makan sendiri.\r\n\r\nUlar Reticulated Python, seperti halnya spesies ular lainnya, memiliki peran penting dalam ekosistem sebagai predator yang mengendalikan populasi hewan mangsa di lingkungan mereka. Namun, mereka juga menjadi sasaran perburuan ilegal dan perambahan habitat, yang mengancam kelangsungan hidup mereka.\r\n\r\nDalam beberapa negara, Ular Reticulated Python juga menjadi target perdagangan ilegal karena kulitnya yang indah dan ukuran tubuhnya yang besar. Oleh karena itu, upaya konservasi dan perlindungan habitat alaminya penting untuk menjaga keberlangsungan populasi ular ini dan menjaga keseimbangan ekosistem di mana mereka hidup.\r\n'),
(125, 20, 'Kadal Kacamata', '5fa64860e2a8dcb7a805.jpg', ' Kadal Kacamata, atau dalam bahasa ilmiahnya Acanthosaura capra, adalah sejenis kadal yang berasal dari wilayah Amerika Tengah dan Selatan. Mereka juga dikenal dengan sebutan Kadal Kacamata Kapra atau Kadal Kacamata Berduri.\r\n\r\nKadal Kacamata memiliki penampilan yang unik dan mudah dikenali. Salah satu ciri khasnya adalah adanya &quot;kacamata&quot; di atas mata mereka. Pola tersebut terlihat seperti garis melengkung atau bintik yang membentuk sebuah lingkaran di sekitar mata, memberi mereka penampilan yang menarik dan menyerupai kacamata. Ciri lainnya adalah tubuh yang ramping dengan sisik-sisik yang berduri atau bergerigi.\r\n\r\nMereka biasanya hidup di hutan-hutan tropis, terutama di daerah dengan vegetasi yang lebat. Kadal Kacamata cenderung menjadi hewan yang arboreal, artinya mereka lebih sering ditemui di pepohonan daripada di tanah. Mereka memiliki kemampuan yang baik untuk bergerak di atas dahan dan cabang-cabang pohon dengan menggunakan cakar-cakar tajam dan ekornya yang panjang.\r\n\r\nKadal Kacamata adalah hewan pemakan serangga. Diet mereka terdiri dari berbagai jenis serangga, seperti belalang, capung, jangkrik, dan kumbang kecil. Mereka menggunakan lidah yang panjang dan lengket untuk menangkap mangsanya. Selain itu, mereka juga dapat memakan buah-buahan kecil dan nektar bunga.\r\n\r\nKadal Kacamata sering ditemukan di kebun binatang dan menjadi favorit pengunjung karena penampilan mereka yang menarik dan unik. Mereka relatif mudah dipelihara dalam lingkungan yang sesuai, seperti kandang dengan tanaman hidup dan tempat persembunyian yang cukup.\r\n\r\nMeskipun Kadal Kacamata bukan spesies yang terancam punah, penangkapan liar dan perusakan habitat alaminya dapat mengancam kelangsungan hidup mereka di alam liar. Oleh karena itu, penting untuk menjaga habitat alaminya dan mematuhi upaya konservasi untuk memastikan kelangsungan hidup populasi Kadal Kacamata di masa mendatang.                    '),
(126, 20, 'Ular King Cobra', '740481639605fa7ee039.jpg', 'Ular King Cobra, yang dikenal dengan nama ilmiah Ophiophagus hannah, adalah salah satu spesies ular berbisa yang paling terkenal dan merupakan ular berbisa terpanjang di dunia. Mereka ditemukan di beberapa negara di Asia Tenggara, termasuk India, Bangladesh, Nepal, Myanmar, Thailand, Laos, Kamboja, Vietnam, Malaysia, dan Indonesia.\r\n\r\nUlar King Cobra mendapatkan namanya dari coraknya yang megah dan reputasinya sebagai &quot;raja ular&quot;. Mereka memiliki tubuh yang besar dan ramping, dengan panjang rata-rata antara 3 hingga 4 meter, namun dapat mencapai ukuran hingga 5,5 meter. Ular King Cobra memiliki kepala yang besar dan agak pipih, dengan mata berukuran besar yang dilengkapi dengan penglihatan yang baik. Ciri khas yang membedakan King Cobra adalah adanya pola garis-garis hitam dan kuning di tubuhnya, serta tengkorak berbentuk cekung di bagian belakang kepalanya.\r\n\r\nKing Cobra adalah ular berbisa, dan bisa menghasilkan sejumlah besar bisa dalam satu gigitan. Racun mereka sangat kuat dan bisa mematikan, bahkan bagi manusia dewasa. Racun King Cobra mengandung neurotoksin yang menyerang sistem saraf, mempengaruhi pernapasan, dan dapat menyebabkan kelumpuhan dan kematian jika tidak segera ditangani. Namun, penting untuk dicatat bahwa King Cobra cenderung menghindari konfrontasi dengan manusia dan hanya menyerang sebagai tindakan pertahanan ketika merasa terancam.\r\n\r\nKing Cobra adalah pemangsa yang sangat vokal dan aktif. Mereka memangsa berbagai jenis hewan, terutama ular lainnya, termasuk ular berbisa lainnya. Diet mereka juga meliputi kadal, tikus, burung, dan bahkan ular-ular yang lebih kecil dari mereka sendiri. Ular King Cobra menggunakan indera penciuman dan penglihatan yang tajam untuk melacak mangsanya. Mereka juga dikenal karena keahlian mereka dalam memanjat pohon dan berenang.\r\n\r\nPerilaku perkawinan King Cobra cukup menarik. Saat musim kawin, pejantan akan memperlihatkan perilaku bertarung dan tarian khas yang melibatkan mengangkat kepala, mengibaskan lehernya, dan mengeluarkan bunyi bersiulan yang khas. Betina akan merespons dengan gerakan-gerakan tubuh yang serupa. Setelah kawin, betina akan menghasilkan telur yang diletakkan di sarang yang dibuatnya, dan dia akan menjaga sarang tersebut hingga telur menetas.\r\n\r\nMeskipun King Cobra memiliki reputasi yang menakutkan, mereka juga memiliki peran penting dalam ekosistem sebagai predator teratas. Sebagai pemangsa ular, mereka membantu mengendalikan populasi ular lain yang mungkin menjadi hama. Namun, seperti banyak spesies ular lainnya, King Cobra juga menghadapi ancaman dari hilangnya habitat, perburuan ilegal, dan konflik dengan manusia.'),
(127, 20, 'Bunglon Meller', 'a7ead0a58219e28cd004.jpg', 'Bunglon Meller (Chamaeleo melleri) adalah spesies bunglon besar yang ditemukan di wilayah endemik di Madagaskar, pulau di lepas pantai timur Afrika. Mereka dikenal dengan ukuran tubuh yang besar dan memiliki corak warna yang menarik.\r\n\r\nBunglon Meller memiliki tubuh yang cukup besar, dengan panjang mencapai 40 hingga 60 cm. Mereka memiliki tubuh yang tegap dan kuat, dengan ekor yang panjang. Ciri khas yang membedakan bunglon ini adalah kepala mereka yang besar, dengan mulut yang lebar dan mata yang menonjol. Bunglon Meller juga memiliki kulit yang bergerigi dan kasar.\r\n\r\nCorak warna Bunglon Meller sangat mencolok dan bervariasi. Umumnya, mereka memiliki warna dasar hijau dengan bercak-bercak atau garis-garis berwarna biru, kuning, atau oranye yang terdapat di sepanjang tubuh mereka. Warna ini dapat berubah-ubah sesuai dengan keadaan lingkungan dan suasana hati mereka.\r\n\r\nBunglon Meller adalah hewan arboreal, artinya mereka hidup di atas pohon dan memiliki kemampuan untuk bergerak dengan lincah di ranting-ranting. Mereka menggunakan kaki dan ekor mereka yang kuat untuk memanjat dan berpindah dari satu tempat ke tempat lain. Bunglon Meller juga memiliki lidah yang panjang dan lengket yang digunakan untuk menangkap mangsa, seperti serangga, cacing, dan bahkan burung kecil.\r\n\r\nDalam hal reproduksi, Bunglon Meller adalah ovipar (bertelur). Betina akan meletakkan telur-telurnya dalam lubang di tanah atau di bawah dedaunan yang busuk. Setelah beberapa waktu, telur-telur tersebut akan menetas menjadi anak bunglon yang mandiri.\r\n\r\nBunglon Meller adalah hewan yang menarik untuk diperhatikan dan sering dipelihara sebagai hewan peliharaan. Namun, penting untuk dicatat bahwa mereka memerlukan perawatan khusus dan lingkungan yang sesuai untuk menjaga kesehatan dan kesejahteraan mereka.'),
(128, 20, 'Kadal Gila', '8fa68d5cc5c3d898ccc2.jpg', 'Kadal Gila (Heloderma suspectum) adalah spesies kadal berbisa yang terkenal dan ditemukan di bagian barat Amerika Utara, terutama di daerah gurun dan padang pasir. Mereka memiliki penampilan yang kasar dan berduri, serta memiliki karakteristik unik yang membedakannya dari jenis kadal lainnya.\r\n\r\nSalah satu ciri khas Kadal Gila adalah tubuhnya yang tebal dan berotot, dengan kulit yang kasar dan dilapisi oleh sisik-sisik yang keras. Sisik-sisik ini memiliki tekstur berduri, memberikan perlindungan tambahan bagi kadal ini. Warna tubuhnya bervariasi, terutama dalam warna oranye, merah, cokelat, atau hitam dengan pola yang khas.\r\n\r\nSalah satu fitur paling menonjol dari Kadal Gila adalah kehadiran kelenjar berbisa pada rahangnya. Mereka memiliki gigitan yang kuat dan bisa menghasilkan racun yang kuat. Racun ini mengandung enzim-enzim yang mempengaruhi sistem saraf dan dapat menyebabkan efek berbahaya pada mangsa atau musuhnya. Namun, penting untuk dicatat bahwa Kadal Gila biasanya tidak menggigit manusia kecuali dalam situasi pertahanan yang ekstrem.\r\n\r\nKadal Gila juga dikenal sebagai kadal yang lamban dan pendiam. Mereka lebih aktif pada malam hari, saat suhu lebih dingin dan aktivitas mangsa meningkat. Mereka memiliki penglihatan yang baik dan menggunakan lidah bercabang untuk mendeteksi bau dan jejak mangsa. Kadal Gila terutama memakan hewan kecil seperti tikus, kadal kecil, burung, telur, serta beberapa serangga.\r\n\r\nDalam hal reproduksi, Kadal Gila adalah hewan ovipar, artinya mereka bertelur. Betina akan meletakkan telurnya di lubang yang digali di tanah atau di bawah batu-batuan. Telur-telur ini akan ditinggalkan untuk menetas sendiri tanpa adanya perhatian dari induknya.\r\n\r\nKadal Gila sering menjadi objek minat bagi para penggemar reptil dan sering dipelihara sebagai hewan peliharaan eksotis. Namun, kepemilikan dan perdagangan Kadal Gila diatur secara ketat karena sifat berbisa mereka dan penting untuk memahami persyaratan dan tanggung jawab yang terkait dengan memelihara hewan ini sebelum memutuskan untuk memiliki satu.'),
(129, 20, ' Ular Mamba Hitam', '1d66c11bc8dcdf529d47.jpg', 'Ular Mamba Hitam (Dendroaspis polylepis) adalah salah satu spesies ular berbisa yang paling berbahaya di Afrika. Nama &quot;mamba&quot; mengacu pada kelompok ular yang tergolong dalam genus Dendroaspis. Ular Mamba Hitam merupakan spesies terbesar dalam kelompok tersebut dan juga salah satu yang paling dikenal.\r\n\r\nUlar Mamba Hitam memiliki tubuh yang ramping dan panjang, dengan panjang rata-rata antara 2 hingga 4 meter, meskipun ada laporan individu yang mencapai 4,5 meter. Mereka memiliki warna tubuh yang umumnya berwarna hitam pekat, namun ada juga varian warna hijau gelap atau cokelat gelap. Ular ini memiliki kepala yang panjang dan sempit dengan mata yang besar.\r\n\r\nSalah satu ciri paling menonjol dari Ular Mamba Hitam adalah kecepatan geraknya. Mereka dikenal sebagai salah satu ular tercepat di dunia, mampu bergerak dengan kecepatan hingga 20 kilometer per jam. Gerakan yang cepat ini membuatnya menjadi predator yang efektif dalam mengejar dan menangkap mangsa, yang terutama terdiri dari burung, mamalia kecil, dan kadal.\r\n\r\nSelain kecepatannya, Ular Mamba Hitam juga terkenal dengan toksin berbahaya yang dihasilkannya. Racun yang diproduksi oleh ular ini sangat kuat dan mematikan. Toksin tersebut mengandung neurotoksin yang mempengaruhi sistem saraf mangsa dan dapat menyebabkan kegagalan pernapasan dan kematian. Sistem peredaran darah yang terpengaruh oleh racun ini menyebabkan tekanan darah menjadi sangat rendah.\r\n\r\nWalaupun disebut &quot;mamba hitam&quot;, warna tubuhnya sebenarnya lebih cenderung ke arah hitam pekat. Nama &quot;mamba hitam&quot; lebih merujuk pada reputasinya yang mematikan. Ular Mamba Hitam memiliki sikap yang agresif dan cenderung membela diri ketika merasa terancam. Mereka dapat mengangkat kepala mereka, membuka mulut dengan tampilan yang mengintimidasi, dan mengeluarkan suara serak sebagai peringatan.\r\n\r\nUlar Mamba Hitam biasanya hidup di daerah hutan, semak belukar, atau sabana di sebagian besar Afrika Sub-Sahara. Mereka memiliki kebiasaan hidup soliter dan jarang berinteraksi dengan manusia. Namun, ketika terjadi pertemuan dengan manusia, terutama di daerah yang padat penduduk, dapat menyebabkan konflik dan sering kali berbahaya.\r\n\r\nPenting untuk selalu berhati-hati ketika berada di habitat ular dan menghindari provokasi atau gangguan terhadap mereka. Jika terjadi gigitan oleh Ular Mamba Hitam atau ular berbisa lainnya, segera mencari pertolongan medis darurat karena dapat membahayakan nyawa manusia.'),
(130, 20, 'Kadal Kepala Bersisik ', 'a6ce6e3ec729138cee36.jpg', 'Kadal Kepala Bersisik (Lanthanotus borneensis) adalah spesies kadal langka yang endemik di pulau Kalimantan, Indonesia. Mereka termasuk dalam keluarga kadal anggota suku Lanthanotidae. Kadal ini memiliki penampilan yang sangat unik, terutama karena kepala mereka yang dilapisi dengan sisik-sisik besar.\r\n\r\nKadal Kepala Bersisik memiliki tubuh yang panjang dengan ukuran rata-rata sekitar 30 hingga 40 sentimeter. Tubuh mereka ramping dengan kaki pendek dan ekor panjang. Yang paling mencolok adalah kepala mereka yang ditutupi oleh sisik-sisik besar yang membentuk tampilan berlekuk-lekuk seperti &quot;topeng&quot;. Sisik-sisik ini memberikan tampilan yang khas dan membedakan mereka dari kadal-kadal lainnya.\r\n\r\nWarna tubuh Kadal Kepala Bersisik biasanya cokelat atau abu-abu dengan pola bintik-bintik yang lebih gelap. Mereka memiliki mata yang relatif besar dan anggota tubuh yang beradaptasi untuk kehidupan di lingkungan bawah tanah. Kadal ini memiliki anggota tubuh yang kuat dan kuat yang memungkinkan mereka untuk bergerak dengan cepat di tanah yang lembap dan berlumpur.\r\n\r\nKadal Kepala Bersisik terutama ditemukan di hutan-hutan Kalimantan yang lembap, terutama daerah rawa dan sungai yang berair. Mereka adalah hewan nokturnal, yang berarti mereka aktif di malam hari dan lebih suka bersembunyi di siang hari. Mereka adalah kadal pemakan serangga, dan makanan utama mereka terdiri dari berbagai jenis serangga dan makhluk kecil lainnya yang dapat mereka temukan di lingkungan mereka.\r\n\r\nSayangnya, Kadal Kepala Bersisik termasuk dalam kategori kadal yang langka dan terancam punah. Kehilangan habitat alami akibat deforestasi dan perburuan ilegal untuk perdagangan hewan peliharaan merupakan ancaman serius bagi kelangsungan hidup mereka. Oleh karena itu, penting untuk melindungi dan menjaga habitat mereka serta mengimplementasikan langkah-langkah konservasi yang tepat untuk memastikan kelangsungan hidup spesies ini di alam liar.'),
(131, 20, 'Ular Gabon ', '8994500e82cdb01083b4.jpg', 'Ular Gabon (Bitis gabonica) adalah salah satu spesies ular berbisa yang terkenal dengan gigitannya yang mematikan. Mereka termasuk dalam keluarga Viperidae dan berasal dari wilayah Afrika Tengah dan Barat. Ular Gabon dikenal memiliki corak kulit yang indah dan menjadi daya tarik bagi penggemar reptil di seluruh dunia.\r\n\r\nUlar Gabon adalah ular yang cukup besar, dengan panjang tubuh rata-rata antara 1,5 hingga 2 meter, meskipun ada juga yang dapat mencapai panjang lebih dari 2,5 meter. Mereka memiliki tubuh yang gemuk dan tebal dengan kepala yang besar dan lebar. Salah satu ciri khas yang membedakan ular Gabon adalah adanya pola corak kulit yang sangat menarik. Pola tersebut terdiri dari bintik-bintik berbentuk segitiga dengan warna yang bervariasi, seperti cokelat tua, hitam, keputihan, atau kekuningan, yang membantu mereka beradaptasi dengan lingkungan sekitar mereka.\r\n\r\nSeperti yang telah disebutkan sebelumnya, ular Gabon adalah ular berbisa. Mereka memiliki gigitan yang kuat dan dipersenjatai dengan sepasang taring yang panjang di rahang atas yang dapat melipat ke belakang. Gigitan dari ular Gabon dapat menghasilkan dosis besar racun yang sangat kuat dan mematikan. Racun yang mereka hasilkan tergolong neurotoksin, yang dapat menyebabkan kelumpuhan dan gagal napas pada mangsa mereka.\r\n\r\nUlar Gabon biasanya berperilaku agresif dan lebih suka menghindari kontak dengan manusia. Namun, jika merasa terancam, mereka dapat mengadopsi posisi bertahan yang terkenal, yaitu menggulung tubuh mereka dengan kepala di tengah-tengah, siap untuk menyerang jika diperlukan.\r\n\r\nDi beberapa kebun binatang dengan koleksi reptil yang komprehensif, ular Gabon sering dipelihara dan ditampilkan untuk tujuan pendidikan dan pelestarian. Namun, penting untuk diingat bahwa mereka adalah hewan berbahaya dan membutuhkan penanganan yang sangat hati-hati dan ahli. Jika Anda mengunjungi kebun binatang atau tempat lain di mana ular Gabon dipamerkan, pastikan untuk mengikuti petunjuk keamanan yang diberikan oleh petugas yang berwenang untuk menjaga keselamatan Anda.'),
(132, 20, 'Kobra India', '2c0968f70621915c120e.jpg', 'Kobra India (Naja naja) adalah salah satu spesies kobra yang dapat ditemukan di subbenua India, termasuk di negara-negara seperti India, Pakistan, Sri Lanka, dan Bangladesh. Mereka adalah ular berbisa yang terkenal dan memiliki penampilan yang khas.\r\n\r\nKobra India memiliki tubuh yang relatif besar, dengan panjang rata-rata antara 1,5 hingga 2 meter, meskipun ada juga yang dapat mencapai panjang lebih dari 2,5 meter. Tubuh mereka ramping dan memiliki skala punggung yang lebar. Warna tubuh Kobra India bervariasi, tetapi umumnya berwarna cokelat kehitaman dengan pola atau bintik-bintik hitam di sepanjang tubuh mereka.\r\n\r\nCiri khas yang membedakan Kobra India adalah kemampuan mereka untuk mengembangkan leher mereka ketika merasa terancam atau dalam posisi pertahanan. Ketika mengembangkan lehernya, mereka mengangkat kepala mereka dari tanah dan membentuk leher segitiga yang khas. Selain itu, mereka juga dapat mengeluarkan bising atau menggeram sebagai peringatan sebelum melakukan serangan. Sikap defensif ini bertujuan untuk mengintimidasi predator atau ancaman potensial.\r\n\r\nSeperti halnya kobra lainnya, Kobra India adalah ular berbisa yang memiliki racun yang kuat. Gigitan mereka dapat menyebabkan gejala yang parah, termasuk rasa nyeri, pembengkakan, gangguan pernapasan, dan dalam kasus yang lebih ekstrem, bisa mengancam nyawa manusia.\r\n\r\nKobra India biasanya mendiami berbagai habitat, termasuk hutan, semak belukar, lahan pertanian, dan daerah perkotaan. Mereka cenderung menjadi aktif pada malam hari dan berburu mangsa seperti tikus, katak, ular kecil, dan burung.\r\n\r\nMeskipun Kobra India dapat menjadi ancaman potensial, mereka memiliki peran penting dalam ekosistem karena membantu mengendalikan populasi hewan pengerat yang berlebihan. Namun, penting untuk menghindari kontak langsung dengan ular ini dan memberikan mereka ruang yang cukup jika ditemui di habitat alaminya. Jika Anda berada di wilayah di mana Kobra India ada, penting untuk tetap waspada dan memahami cara menghindari interaksi yang berpotensi berbahaya dengan hewan ini.');

-- --------------------------------------------------------

--
-- Struktur dari tabel `users`
--

CREATE TABLE `users` (
  `id` int(11) NOT NULL,
  `username` varchar(50) DEFAULT NULL,
  `password` varchar(255) DEFAULT NULL
) ENGINE=InnoDB DEFAULT CHARSET=utf8mb4;

--
-- Dumping data untuk tabel `users`
--

INSERT INTO `users` (`id`, `username`, `password`) VALUES
(1, 'admin', '$2y$10$lOXwGxyfxEfxGxDszDNp8uyZE/ZN9GPCJTfTpDmdE84ziMgZaUvVC'),
(2, 'guest', NULL);

--
-- Indexes for dumped tables
--

--
-- Indeks untuk tabel `facility`
--
ALTER TABLE `facility`
  ADD PRIMARY KEY (`id`);

--
-- Indeks untuk tabel `service`
--
ALTER TABLE `service`
  ADD PRIMARY KEY (`id`),
  ADD KEY `name` (`name`),
  ADD KEY `service_facilities` (`facility_id`);

--
-- Indeks untuk tabel `users`
--
ALTER TABLE `users`
  ADD PRIMARY KEY (`id`);

--
-- AUTO_INCREMENT untuk tabel yang dibuang
--

--
-- AUTO_INCREMENT untuk tabel `facility`
--
ALTER TABLE `facility`
  MODIFY `id` int(11) NOT NULL AUTO_INCREMENT, AUTO_INCREMENT=29;

--
-- AUTO_INCREMENT untuk tabel `service`
--
ALTER TABLE `service`
  MODIFY `id` int(11) NOT NULL AUTO_INCREMENT, AUTO_INCREMENT=133;

--
-- AUTO_INCREMENT untuk tabel `users`
--
ALTER TABLE `users`
  MODIFY `id` int(11) NOT NULL AUTO_INCREMENT, AUTO_INCREMENT=3;

--
-- Ketidakleluasaan untuk tabel pelimpahan (Dumped Tables)
--

--
-- Ketidakleluasaan untuk tabel `service`
--
ALTER TABLE `service`
  ADD CONSTRAINT `service_facilities` FOREIGN KEY (`facility_id`) REFERENCES `facility` (`id`);
COMMIT;

/*!40101 SET CHARACTER_SET_CLIENT=@OLD_CHARACTER_SET_CLIENT */;
/*!40101 SET CHARACTER_SET_RESULTS=@OLD_CHARACTER_SET_RESULTS */;
/*!40101 SET COLLATION_CONNECTION=@OLD_COLLATION_CONNECTION */;
